-2.836354870325951197e-02,1.251269070429724406e-01,-2.404773858043792178e-01,-8.457549945825408588e-02,-1.711860831120335658e-01,-2.221973766439064857e-01,-1.427164174389732865e-01,-5.584869414384540515e-02,-4.604785030358241743e-02,1.286721223175270323e-02,-4.470601819593754238e-03,7.585645642939879696e-02,-9.888883907022777420e-02,2.041046514456590910e-01,-2.293361587188876560e-01,8.333364051529264238e-02,-4.978038729099608546e-03,1.530956407804227870e-02,-2.087858337567897460e-01,-1.406964430405092670e-01,1.384602121551919696e-01,2.481097956152622519e-01,-7.906894484769716458e-02,1.122810195440358816e-01,2.111000803383902558e-01,2.067947348443636701e-01,-1.988186249282466456e-01,-2.514638190573608156e-01,-1.880537541474204821e-01,1.748184706089975227e-01,-1.519961999609947267e-01,-2.545034506017639434e-02,2.213568317864940405e-01,7.864986488709295931e-04,4.883151230940365600e-02,-9.807598490128130453e-02,1.156085424619784779e-01,1.936720336897063410e-01,-1.925639404928462528e-01,1.082819522382445360e-01
2.671271894828969318e-01,1.390130827301804817e-01,-9.629933555734310202e-02,1.677097547724986648e-01,-1.975063237083182210e-01,-3.511265448253810678e-02,2.307779091532297655e-01,-8.253467475194016523e-02,-1.001689281652449748e-01,-1.996645498482073899e-01,-1.920156071322313973e-01,7.258609288558358352e-02,-9.534271277905742581e-02,-1.140013410870559102e-01,1.113102447417661962e-02,-2.378258452330057338e-01,2.816662084760956225e-03,-1.971936724620446391e-01,2.438771345344553643e-02,1.182042104513297415e-01,-2.211324504643852051e-01,-5.543437134292406032e-02,1.151015196893808296e-01,-3.102753566538444044e-02,-2.154695627818480064e-01,1.962947010795887057e-02,9.885237346711525652e-02,-5.922216071402327739e-03,2.126104920358926897e-01,2.445586960989257902e-02,1.528790011183969177e-01,-1.760023188156788765e-01,-2.016696905359167957e-01,1.417258255115231846e-01,-1.109785927353754663e-02,-1.727485220479851868e-01,2.358736029472945361e-01,-5.728335656183566882e-02,7.693263660863654263e-02,9.675890749579253713e-02
2.126236743845613120e-01,7.427635346445765618e-02,1.461498334525485610e-01,-5.864200174889875466e-02,-1.151000275140226098e-01,1.975872828793895641e-01,-1.687910590704847988e-02,2.643180685771487903e-01,9.580460936238552327e-02,5.301842533828062670e-02,-1.437266932794954155e-01,2.123897895037109296e-01,8.440137982158467302e-04,4.617872050834422731e-02,-3.093917568432784718e-02,-1.438145230579198908e-01,1.528676947168667866e-01,2.349273274108444609e-02,-2.772327115192982361e-01,7.488271875281925227e-02,-1.038687217213269121e-01,2.858439005322931277e-03,2.120739722394144877e-01,-5.995875674834409003e-02,2.275421358102393543e-01,6.311339195931202350e-02,-2.374398181868799251e-01,2.081859954709689708e-01,8.215031730736620241e-02,2.374371201051484193e-01,-1.148443104399079207e-01,-1.783498351485423572e-01,2.075603808514901449e-01,8.387131246680241958e-02,-1.683521814995338484e-01,1.335305415933361883e-01,1.430546959601431967e-01,2.402345876946098968e-01,5.805470809212603944e-02,-2.131321464283010003e-01
-2.333329474841323026e-01,-2.348450026716533967e-01,-2.273366781608165410e-01,-1.102821646332792366e-01,1.877146724011503343e-01,1.394476346444638998e-02,4.791712170940323756e-02,2.009519304329755451e-01,-1.807274934109804887e-01,-1.257403497465879594e-01,5.835241497615618542e-03,2.228309004431112128e-01,3.275094596501951011e-04,-2.436652788830631911e-01,1.738025670057894156e-01,-1.462649420201553585e-01,1.046161055855872324e-01,-7.229198466093268716e-02,1.683430521861906115e-01,1.405987943748817914e-01,1.730098295651386411e-02,-1.987736513075397116e-01,-2.159656545980728481e-01,-1.814074770525704039e-01,-2.199799019587344862e-01,-2.048157277497680562e-01,-1.338265172535700320e-01,9.629381929102757975e-02,1.496927052918330114e-02,-2.679921791265382214e-01,-1.653273784760847798e-01,2.490959304865953405e-01,1.875903032798834427e-02,-1.719783740102385494e-01,-7.540830453519700716e-02,1.286587425037259147e-01,-1.472568532767449812e-01,6.426717304074874848e-02,1.866227574096616659e-01,1.609005860940923571e-01
-1.195507987139698691e-01,5.925849052017717784e-03,7.772994348406399301e-02,1.934335253689081491e-01,-1.763477145964593429e-01,-2.543057086049846927e-01,-2.006853250765462948e-01,1.748914261796456066e-02,7.032778305112445671e-02,2.042605116606265730e-02,-4.456271673196478961e-02,2.326297961609039844e-01,4.193311127735179118e-03,-5.722610812809879322e-02,5.182134342549845479e-02,1.180863242377455241e-01,3.846629418803136635e-02,-1.355357443524883576e-01,-2.421669383408063536e-01,-5.626628053594096013e-02,6.346140106110703671e-02,-1.607295320266245719e-01,1.404430697658251848e-01,-2.094688036912259466e-01,-1.127276659116928370e-01,1.535813928056907474e-01,-1.924186578231520672e-01,5.866283909186632839e-02,-2.343534481992957681e-03,2.118404228796341993e-01,-7.009891916670370204e-02,-2.171635029246135051e-01,1.042608886543975183e-01,1.201979301490757324e-01,1.551080228191418775e-01,2.265860272732658776e-01,-2.433165470075452919e-01,-1.142066842429716594e-01,1.636344221850945593e-02,2.146335907775390461e-01
2.470939941629914649e-01,3.762150340352989758e-02,2.298338870739881357e-01,1.034588755818102584e-01,-5.717743933090337766e-02,-1.239161524018549641e-02,7.584120258332875675e-02,5.037205650035705279e-02,2.382343888826192191e-01,1.928731526343355207e-01,-1.207625506663506480e-02,2.196026510545589505e-01,-1.140387900791314524e-01,-1.887078069982755235e-01,-1.898286411543026464e-01,-5.793781832853564344e-03,-1.909188125343517228e-01,2.174846073478362285e-01,1.522924780657154142e-01,-2.428515248196023990e-01,-1.435349133861151261e-01,-9.780889005803065916e-02,-1.821339773752038149e-01,1.747654441387731794e-01,-7.664181118717065810e-02,2.214846110981229521e-01,1.718886461892747339e-02,1.824064147679073933e-01,1.640487598914605605e-01,2.146876254772168147e-01,1.115164468522056957e-03,2.974062460711348818e-02,1.399105897952107325e-01,-1.342207435394506265e-01,-2.159932157683149348e-04,5.557887866307350405e-02,-2.450255022773885627e-01,7.227505253399738039e-02,-1.203451770759107710e-03,1.428956711596495455e-01
-8.086020827700488023e-02,2.098120820293735977e-01,5.496736375160368726e-02,-1.509825459124397584e-01,1.473094667550448322e-01,5.308100832074065523e-02,-2.114683463575895705e-01,-1.611784381415705750e-02,1.143785719229698100e-01,1.945989996217985796e-01,-2.016617359191982262e-01,2.270229315422438721e-01,-1.894067269874694093e-02,2.483269849037794408e-01,4.502657438351997943e-02,1.608489457469941264e-01,2.954046438007100744e-03,5.267439966833040860e-02,-1.250329831772989120e-01,4.822031185832450356e-02,1.546002380137563303e-01,1.738758654121561609e-01,1.385178291615217216e-01,1.173228045351345089e-01,1.855323471518437184e-01,-1.001222173007731003e-01,6.702881470309493550e-02,-3.841070720936633903e-02,-7.248610230311826330e-02,-3.341861758577141517e-02,-9.806631302965648778e-03,-8.918968650789325936e-02,7.174966914095687320e-02,-6.660765869790256921e-02,1.885441069913512402e-01,9.714289301614502381e-02,-1.523896321891518857e-01,-1.193537993291505020e-02,-3.287185550931594896e-02,1.402136153232936278e-01
2.106937924181447874e-01,2.131736152290517050e-01,9.768255240960393992e-02,-1.261720932128447270e-01,-1.296866911488050167e-01,1.787555494822002100e-01,2.585873500875517095e-02,1.814581325343917195e-01,6.493472054567159257e-02,1.088864446944706188e-01,-1.529119661256399796e-06,1.586611848051614482e-01,1.687788289025966317e-03,-1.393234243416941083e-02,-9.231705873271119078e-02,-2.317707047384857111e-01,-1.841224149485120795e-02,-2.299474695100074961e-01,2.392290347600870004e-01,-1.647946501853877199e-01,1.832683950870668543e-01,1.824681718867494362e-01,1.022781651753109644e-01,4.931748889965738292e-02,-1.841393966496444878e-01,-3.010136008006272790e-02,-9.946147298874795373e-02,-1.548757770254474975e-01,4.376733485461292011e-02,-8.046800854356310484e-02,1.593983345846178290e-01,2.157924290310487547e-01,-1.133764572333057635e-01,-1.971666639652955855e-01,-1.045823904568969342e-01,5.721698527097853967e-03,1.180421175407648238e-01,-1.379364572663533683e-01,-7.749400972998798931e-02,1.732914486221457384e-01
-3.088940771729212220e-02,6.181642067541099489e-02,-1.259726853156003246e-01,-2.174789378969063103e-01,4.832240872088477621e-03,-1.558913867986180465e-02,-1.883490497816864007e-01,7.432960219627816889e-02,5.056673607154522909e-02,7.655776346470782867e-02,-1.287475800023520911e-01,1.496564451663950635e-01,-9.020777960028980580e-02,1.303794372036068579e-02,1.352756698629156984e-01,-2.556710180381568387e-01,-4.136355045930430185e-02,1.815724235463577474e-01,1.817932982918042117e-01,1.641582907971711816e-02,2.100173905780960137e-01,2.211044622148971850e-01,1.703238429105427554e-01,1.923941868880520711e-01,-2.196300078768196606e-01,5.648574926638643551e-02,8.643820548365688250e-02,4.462427918091892848e-02,1.788288573028969097e-01,-2.220636965017984688e-01,8.642005111125468375e-02,1.223570426855695170e-01,-1.109500996747422585e-01,-1.149409010964391048e-01,2.251328214312288759e-02,-7.227228976746648270e-02,1.483803172721356034e-01,-3.962418347230656224e-02,9.256996877691207881e-02,2.626008425102963617e-01
-1.029039858622215337e-01,-1.855909767094442442e-01,2.115981089133152082e-01,7.482008201557167719e-03,2.404800875728913545e-01,6.747752659539425768e-02,2.400963313741572569e-01,2.493982191210801155e-03,2.739675750985754929e-02,-1.870982427203460030e-01,-2.752439782687614994e-02,-2.249049421596230336e-01,-1.208102998209519968e-01,1.294917565526886027e-01,-2.553156354214028423e-01,-7.812839495914247756e-02,1.322057463834590829e-01,9.633179535078391365e-02,1.308753421409006579e-01,-1.671771457426688978e-01,-1.034646940391345180e-02,3.100327185826274104e-02,2.504337478710496057e-01,-1.486807745049363860e-01,-1.445361074967221326e-01,-1.470351888981333288e-01,1.113529891253484533e-01,-3.385920314829487382e-02,-2.069485190895749838e-01,2.366805626807557197e-02,-9.517881797146664213e-02,1.548366886663002928e-01,-9.079987964380094312e-02,-2.309761708711469963e-01,8.151818363050745628e-03,1.869734988341897053e-01,-7.327071724922527840e-02,1.117579282820589243e-01,2.224429818327610308e-04,4.956221105975670838e-02
2.276076232332069349e-01,1.517325486123714262e-01,-2.584217327282178345e-01,9.286791240382470669e-02,-2.535956582403070883e-02,2.296952650933409557e-01,-1.609219502779496991e-01,-1.432742524542067464e-01,-2.130144320386944401e-01,-3.329865077548456453e-02,-1.466127968831057171e-01,8.884677697801197926e-02,1.025614238866361383e-01,1.031812415655100484e-01,1.240617241309788371e-01,-9.085113638219274868e-02,1.239357933360356878e-01,-2.517385602143841494e-02,1.970803678320315611e-01,5.641504135923885305e-02,-1.653567903728579425e-01,-2.287337468920283834e-01,-2.711941187585599211e-01,-2.257277748237728476e-01,-3.674029522701412198e-02,-2.130489904602627382e-01,-2.609649598273045545e-01,1.227852290595445456e-01,-3.458157261633015844e-02,1.473789717842648173e-01,9.828472802576933721e-04,-3.007155637480873542e-02,2.931393954157674765e-03,8.564646905361803517e-04,1.026606352466759298e-01,-3.672333459514395132e-02,1.866819672007246911e-01,-2.580708403560479369e-01,8.820425729331467235e-02,-1.684155179455169293e-01
4.837144228864116019e-02,-2.641174770572255470e-01,1.071082698065134887e-03,-2.728519100473656422e-01,2.201810322292053479e-01,2.147395177462630422e-01,1.346949914002635307e-01,1.909173579705366053e-01,-1.855566804634695977e-01,-1.716241154058413820e-01,-1.072302297229204143e-01,8.300509293053889848e-02,1.540946825667982856e-01,2.520244909489020024e-01,9.512978215144049510e-02,1.093653888784769657e-01,1.558543261341183983e-01,-3.600326155390796284e-02,-1.032928837770409614e-01,-1.828113721351600218e-01,-1.784779756876925527e-01,1.502149397308817358e-01,-2.058012275959000825e-01,-1.326458605740518382e-01,1.487022684510574677e-01,-1.053608768833546733e-01,2.325182845239481544e-01,-1.173939871923334044e-01,3.599872913493699228e-02,-7.557223148906318244e-02,1.566018999507047538e-01,-9.773710822872365422e-02,-1.965967716240519039e-02,2.154477373361380135e-02,1.708276213256854081e-01,-2.252141357299980717e-01,8.508819860962864301e-02,1.819934654900443038e-01,-1.879906751200216275e-01,3.413730469321744204e-02
-1.038386251461021759e-01,1.742377012766446187e-01,1.229187036350384843e-02,8.108295903052685494e-02,-4.333360889807915534e-02,8.404978131696691501e-02,-1.273713312866231739e-01,-2.771461438673076261e-01,3.381067806550199645e-02,-9.073664430581675211e-02,8.327611690402145022e-05,2.348249127871025743e-01,-2.681566056617445785e-03,-1.425718561002956575e-01,-8.100296248308036517e-02,2.168864171144333775e-01,1.698051783478107257e-01,1.928785136723750460e-01,2.407771890713624741e-01,-1.557443163279238763e-01,-1.958632321443263546e-01,-1.516410452782589735e-01,-1.147202667588100994e-01,-1.807038955446278738e-01,3.870991584177267686e-02,-4.885249132885235990e-02,1.476580606870566137e-01,-1.499804291194707373e-01,1.221213371297196204e-01,-1.136192564940728539e-01,2.840000538482233272e-03,-9.751597786092298936e-02,-2.138048645730846742e-01,-1.240110416898426021e-01,3.616824929196432725e-02,3.870527232920157028e-03,-1.171419229421523552e-02,-1.885697466692515811e-01,2.068018915675604811e-03,2.779425595732764598e-01
1.492219064937810036e-01,3.769551504489320609e-02,2.285171733177600306e-01,1.893979045368615055e-01,3.959636734441463607e-02,-2.323244968454479253e-01,-2.294248656462639924e-01,-2.484719849041895356e-01,-3.317974983489450219e-02,-5.652858255525312209e-02,1.893306362781693730e-01,-1.516660993726502427e-01,1.880286845946612106e-01,1.300727081339818347e-01,1.523150944457371814e-01,7.525043683318240195e-02,3.824134760797785054e-02,2.862077762535132890e-03,-2.291515048471274851e-01,-9.127780219220074653e-02,1.215445504644575153e-02,1.296786708992296311e-01,-3.189613159427672623e-02,-3.526413353353788360e-02,-2.039741232814304417e-01,-2.546124111321804162e-01,1.184687469767127244e-01,-7.969687805530509261e-02,2.673817606653285384e-01,-1.240301592367940020e-01,-3.491860554987858550e-02,-4.340502624108995755e-05,1.469580482391879550e-01,-1.963834244715934388e-03,-1.386541977219390154e-01,-9.587040891459838732e-02,-1.420488119315748039e-02,6.865466551280312302e-02,8.637651419233133288e-02,-1.704706107369667600e-01
-2.610833872239894937e-01,-8.003135065859453721e-04,1.432429583824725294e-01,-2.706357500823536877e-01,8.414173888786892486e-02,1.037448770011498156e-01,-4.633554499826467166e-02,1.900084522936694442e-01,6.410225617831198652e-02,-2.463375578301988389e-01,-1.483640765707459777e-04,2.053485046848580464e-01,1.162115046055644252e-01,7.097242606769822715e-02,7.364863642462471383e-02,4.843790209778688766e-02,-6.489536061070681761e-02,4.589435992292686256e-02,1.098032545818348887e-01,-9.117205359003664744e-02,1.987300275227031898e-01,-1.462687828821383762e-01,1.141432502424400280e-01,-1.222896309065562154e-01,1.246071059363133698e-01,-3.753858739082403112e-02,1.455545529381003511e-01,-6.203866966717513920e-02,-1.311305012086104171e-01,1.579297717760294595e-01,-4.859041700723489704e-02,1.105973255899074942e-01,1.419311877114930176e-01,-1.263947741444799711e-01,-9.411706532476428466e-02,-1.564256265964591719e-01,-1.980151998412002512e-01,-8.508596208426492946e-02,-1.883256545740144283e-01,-1.813701203811024509e-01
7.527984015934481576e-02,1.446030853495552659e-01,-2.330487630972658264e-01,-1.585418523880385011e-01,-1.537880727824908755e-01,2.219974672315506992e-01,8.861177150440870121e-02,3.548538872972255634e-03,-1.132826372762152922e-01,1.836871810113009651e-01,-9.137589541382238082e-04,2.384096037174721072e-01,5.546783643568582028e-02,-1.662649330357414065e-02,-2.103152971623248324e-01,2.539608709955243349e-01,-1.210911058651858163e-01,-1.390935274962881441e-01,-1.547331888656054526e-02,-6.308008785325854018e-02,-1.691327075863480189e-01,1.294759618364087483e-01,-1.727946908771498813e-01,6.062710548691362805e-02,1.151912085380880496e-01,-1.480842129895651449e-01,4.112808047397376737e-02,1.421309445091137602e-01,8.751792260723854910e-02,6.833364466139540960e-02,-5.474503072113998808e-02,1.110855262676134769e-01,2.460154159296250587e-01,-2.021120222851741782e-02,9.229034877435766948e-02,-2.313346249739574589e-01,1.619020134302352476e-01,-1.809656815929711060e-01,-1.199817542634362168e-02,-8.455251541759516154e-02
-2.317319971168289028e-01,1.993333653539700878e-01,-8.306150018296865056e-02,-6.077235560868789188e-03,-4.468195772665208183e-03,-1.839987543788489666e-01,-1.726359553581563178e-01,-2.433182414865559251e-01,-1.027807646675670331e-02,-1.099612309117319608e-01,-2.694802591121949614e-02,-1.827019217900612558e-01,9.493798193650465622e-02,-2.080060492092742630e-01,2.298024373804855303e-01,-1.581677604806027704e-01,2.431508143441384398e-03,-2.207538785952224969e-01,1.671711011646806744e-01,-1.719266371427855822e-01,2.335704776277572683e-02,1.350434552055492232e-01,-1.914092446643020917e-01,1.235682704457408305e-02,-1.597506422872425336e-01,1.367626654933888075e-01,1.369577305045380777e-01,-1.535325087907992436e-01,2.023792799359178940e-01,-2.354438393215200764e-01,1.311469479195665755e-01,2.300883201542322509e-02,-3.334958105459599753e-02,1.530470978199607313e-01,6.062099400937111249e-02,2.485453040077121312e-01,-1.233908151235999645e-01,-2.788493929029108309e-01,1.683029442366781869e-01,2.025653179914572721e-01
1.035135083022281355e-01,-1.913293401923661500e-04,9.127890430680880851e-02,1.190569552462323599e-01,-6.480509731108806404e-02,1.450165886199964449e-01,1.079028065728225294e-01,3.387322830463451034e-02,-6.735887324934068665e-02,1.234871302975833751e-01,-2.002822271324539716e-01,1.615180383764276140e-01,1.493537697673982534e-01,-1.389602866607503040e-01,-2.050013692519541131e-01,-1.357226310559710991e-01,-5.164088513623242560e-02,2.118268400832661325e-01,3.975121665042509467e-02,-1.191738424336997726e-01,-1.940803815320703007e-01,-9.722920181981020704e-02,4.957762513794368442e-02,-1.054175149869303052e-01,-2.995128084416150138e-02,-2.412766069247335859e-02,1.991091795911292262e-01,-2.459993709705902976e-02,-6.508023890507494413e-02,8.946949917423398235e-02,-9.048672805009767839e-02,-2.335856032195090734e-02,-7.892921750514898804e-02,8.703065548090203885e-02,1.397525152615017585e-01,-3.097797094030323856e-02,1.400925646461362584e-01,-4.556221390186487169e-02,3.268557336790632595e-02,-1.735745592478180055e-01
-4.920646625671047658e-02,2.037052413596889544e-01,3.944073856489038743e-02,1.010768374024980792e-01,3.058482595781143124e-03,4.068096424937389308e-03,1.572163019539389861e-01,-2.480876841440490532e-01,1.804530998163191360e-02,2.520336917723778325e-01,5.634604920648576804e-05,-1.383611139489388520e-01,1.249812855183810856e-01,-1.323400984636941280e-01,1.101020611802296240e-01,2.954460849084646762e-02,1.758711950305039962e-01,7.791402466567642904e-02,1.901312299305911169e-01,-2.596602002329326808e-01,2.243147042479969877e-01,-2.069013444978424487e-01,-9.961839824637674923e-02,2.152183000487398190e-01,-2.544730674202482223e-01,1.737703826156928866e-01,2.091609684093947708e-01,-1.788068101535214560e-02,-1.130639740517244973e-01,1.468950806496232275e-01,1.880121411229710446e-04,-1.944671225088169253e-01,2.171139127096564647e-01,2.310316032278797449e-01,-1.985806552272728967e-04,1.794173407714956814e-01,-4.638688346926285455e-02,7.002262247312859844e-02,-1.098965733181352794e-02,1.780890029423467039e-02
-1.746054669992533614e-01,2.343133147728013732e-01,-1.203918163221996546e-01,-2.032893288355113459e-01,-1.820073601283478670e-01,-2.463137842447161718e-01,9.395613361220753190e-02,8.069736606823987857e-03,1.273644996141065910e-01,2.123042939704264040e-02,9.704620335150905552e-02,1.177158043723326025e-01,9.015742339288498886e-02,-5.206021210754538386e-02,8.629083068019148539e-02,-1.564003134506098680e-01,-4.252177943986432118e-02,-1.558710023234893272e-01,-3.471882763533157973e-02,-1.354996641317775530e-01,-7.177651981319478625e-02,2.564520313101522619e-01,-9.866399726992089447e-02,2.339260072539017521e-01,7.655596865993630207e-02,-5.381132568807915628e-02,2.049896676670661111e-01,7.473512690698572158e-02,-1.186440470157900523e-01,1.363820368505734848e-01,-1.340274690180220073e-03,-7.812442696675278575e-02,-9.828249850139229860e-02,1.171351719401863556e-01,-6.752055512384574909e-02,1.534951175514313870e-01,-1.069393277749613597e-01,-4.771619094068394080e-03,-2.189183811771816903e-04,1.949778393945716393e-01
1.869352370357251769e-01,-1.670033306806190110e-01,3.129811990042582343e-02,2.157792874041056796e-01,-2.501178516037704316e-02,2.219024517362511439e-01,-1.130038508552635435e-01,3.030415994287812692e-02,6.335629417510729722e-02,-1.340580190476131917e-01,-1.948624387073722986e-01,-6.260629813403482957e-02,1.706226284193634313e-01,-8.428992989655798018e-02,1.561096555844068701e-01,-1.588316390146364832e-01,-3.348463488498437668e-02,-1.714677885714679662e-01,1.170116326367816040e-01,1.048993983839029975e-01,7.584462374394732032e-02,-1.162024326894106618e-01,9.600151772571549613e-02,-1.526162508102141546e-01,-2.798460147015137053e-02,-4.921200719461363282e-02,-5.569849927378377891e-02,-2.159736176763239202e-01,5.707257175381532516e-02,8.958738597044638152e-02,1.515811946143613524e-02,7.318054647685784397e-02,-1.829444081108987374e-01,-1.891046783115130914e-01,1.873054943991359664e-04,1.868082103945174210e-01,-1.605876228262943239e-01,-1.619863285386921245e-02,-2.142346725930149593e-03,2.743092096192025625e-04
-1.806671609590043970e-01,-8.133394443715476207e-02,-1.318238091006261326e-01,1.910918652126054884e-01,1.589665424721970755e-01,-3.443412783801520771e-02,6.813999844147670959e-02,-1.664848159801880501e-01,-1.562896975124566587e-02,-1.043900376902591604e-01,1.308528314699601014e-01,6.887319167048687463e-02,2.299359707320814891e-02,-1.967460851838660763e-01,-2.598556973595302164e-03,2.602858041294888181e-01,1.755988223866313258e-01,8.369548216569465404e-02,-2.026791140808271163e-01,7.716077941082791214e-02,1.386634725836038105e-02,-5.066591063896779858e-03,-3.698866901172405408e-02,4.490063710763450566e-02,1.942495662348948104e-01,1.569904467222990596e-01,5.904649270489237267e-02,2.313332814074323951e-01,-2.485531274984094374e-01,2.348641609316448886e-01,-1.749428237145091436e-01,-1.568260743418073144e-01,-5.343870405664544881e-02,-2.146873123513902137e-01,1.903963309725142938e-02,-2.416822430922385412e-01,-1.027950792153945470e-01,-2.111756499476562521e-01,5.427519286934360393e-02,6.628070252950263308e-02
-5.731645200031969950e-02,-1.585575457024298585e-01,1.317796022070004125e-01,-6.767066509690579379e-02,1.585623195574436817e-01,-3.961834726310361696e-03,2.949382034896731383e-02,-2.210428963713705619e-01,6.698815339264184432e-02,-7.959655245832535087e-02,-8.669286560025217525e-02,-5.391552630252269274e-02,-1.665164586524456661e-02,-1.750012766190170432e-02,2.607296065488576287e-01,-6.052506778165454154e-02,8.846741260223620062e-02,2.024159055364316978e-02,1.680408320360246843e-01,-6.711585691272939358e-02,-1.505195184181809254e-01,2.232794341605368049e-01,-2.296715629524158919e-01,2.317502951215447415e-01,4.403969240644611816e-02,-4.554421582650818034e-02,2.730686336363515321e-01,-2.176018601860803536e-01,-1.197853056585010054e-02,-2.617551371158327589e-01,2.165325728804619147e-03,-1.637072374937935115e-01,5.352253691773972699e-02,2.345986071252500749e-01,1.385159117753047564e-01,-3.648337012643537713e-02,1.245171053991180748e-01,1.615910552815970347e-01,-1.181422446670583502e-04,-1.177560573102041930e-02
-1.687128797675714331e-01,-5.822957310858688229e-02,-1.656035767890919330e-01,1.330136891429759827e-01,-2.779185234014736397e-03,-2.681527936381516986e-02,2.170335585018648983e-01,3.761006654701627011e-02,-4.699415182781291334e-02,-1.237209102648457737e-01,-1.653082675898188414e-01,-6.204779948249802141e-02,-1.887699217264209584e-01,-1.089018308985682804e-01,1.551182194695773994e-02,2.500541815565502368e-01,-1.464292279603173486e-01,7.661679258108512747e-02,-2.737578315220106154e-02,1.530762207772808636e-01,-2.023649946376822883e-01,-2.040084130193656475e-01,-2.698108973391079302e-02,1.611389164251332273e-01,-1.434099591293598319e-01,1.483046304422152017e-01,-9.148127034807461422e-02,-1.404853854779301581e-01,-2.686183344240688498e-01,-7.244320488159047833e-02,-1.718435629262791281e-02,9.319943576166243859e-02,-2.361422162685027637e-01,-1.942489450079083468e-01,-1.934344949996356922e-01,-2.156362759123810202e-01,1.053325429086140325e-01,-3.068877442005891673e-02,-4.288421660733347102e-02,6.266805214606657390e-03
2.685789957178864040e-01,1.842035002529014698e-01,1.213364752596212542e-01,2.326439559328543905e-01,-2.197737013287044960e-01,-2.494964907217512018e-01,5.215819963877019877e-03,-5.417489809252876848e-02,2.299357896766889287e-01,-1.132239776825262438e-02,-1.109904786065134090e-03,1.843215165323833504e-01,5.881181799782897544e-04,2.007409406005917774e-01,-1.130896874445971589e-01,-1.057901632583464618e-01,-3.955101883053176171e-02,9.470904395119552135e-03,-1.693000044633242995e-01,1.033164843043916786e-01,-2.020703124065507950e-01,-1.982978759921217304e-01,2.122278073088996742e-01,-1.240269246270271908e-01,-4.249426708786097073e-02,4.275470603791910185e-02,2.954267315985933950e-02,-2.285343433465490681e-01,1.750028936146338643e-01,2.125860547552216873e-01,1.072993057349123092e-01,-8.231057109755647583e-02,-4.178502508015778487e-04,-9.853275395017893623e-02,-4.634721170792083450e-04,2.352180816453594558e-01,-7.313215909410049342e-02,1.074788444921200292e-01,-4.063481396756229991e-02,1.196816473395328623e-01
-7.568421931478409859e-02,2.126156054664259942e-01,1.475620634831872335e-01,1.530926501526858052e-01,-4.980784540203781483e-04,-1.606039089947595422e-01,-2.175362401851663741e-01,-6.806094253286447404e-02,-2.318125099356631025e-01,9.296383212536234175e-02,3.896945988568672331e-02,-5.566336820268999452e-02,8.521925686485072593e-02,2.894323781979645654e-02,-2.228851710098380123e-01,-1.930433084881795214e-01,-1.043572335848966248e-01,-9.978753986701105472e-02,-2.541491005115565360e-01,6.949181772594363593e-02,-1.060493154173077976e-02,4.635385239904738636e-02,-1.779738818630588124e-02,1.925580743607514522e-01,-6.985026415750077676e-03,-2.471682864056298501e-01,2.080269426608976624e-01,6.749929224755568669e-02,1.492582169032690698e-01,2.128426318869609812e-01,-1.759986486730500121e-01,-1.219216392745769706e-01,-2.405910955491762093e-01,-5.676259883330728173e-02,1.329503392417445140e-01,-2.185721004459282024e-01,5.125740220013976813e-03,-1.725121064665615933e-01,8.771877535254996028e-02,1.554319999463538993e-01
-2.212322367687680758e-01,3.880343753880721377e-03,-1.174639584890734001e-01,2.520040193691384101e-01,2.365213059596281697e-01,5.062428493695296516e-02,2.642777834941057447e-01,-5.606892224561064314e-02,2.149019023214043256e-01,-4.228936074409219564e-02,-8.345506986025964802e-02,2.078765507563603010e-01,4.528935760578765846e-02,-2.176598599297286663e-01,2.067641307451332788e-01,9.642312052224336072e-02,1.200654731089467221e-02,1.051970234564890833e-01,-1.490412316615813415e-01,6.703647758654457389e-02,1.466769010549835439e-01,-2.411097323372396739e-01,-1.760822302019554031e-01,1.903351660669637679e-01,7.801172063858334560e-02,1.721012387709781530e-02,-1.156776875070374411e-01,-1.195753837922013119e-01,1.754439853206057054e-01,-6.070744962234553982e-02,-1.691473382639603618e-01,2.161986688423934433e-01,-1.685717282800202610e-01,1.514430487468023112e-01,1.419723708888453451e-01,-6.836530273925736645e-03,6.620942202113792863e-02,3.539851002814922709e-02,1.949534872459374527e-02,1.633801059640944409e-01
-9.777191894484543733e-02,2.085450159960851590e-01,5.154528571717986035e-02,-1.792857378567498938e-01,-1.370915528588336207e-01,4.265747786540276254e-02,-1.142330707802062806e-01,-1.660943812158699739e-01,-1.632198476178292890e-01,1.681687376857565197e-01,1.104971962111111691e-02,2.196168794536501323e-01,-3.185009141993234288e-02,5.515411594878076584e-02,6.775533356097997173e-02,5.163569243119312674e-02,-1.718088032230618567e-01,1.146863220042255993e-01,2.108890657652754685e-01,3.248593909746397973e-02,-1.729443864274607667e-01,1.194344965292928329e-01,-2.416179690374609390e-01,-7.485344457213422009e-02,2.321958049659786083e-01,4.503007316510879154e-02,1.955394086231708461e-01,4.043257191253493699e-02,1.501231777828040126e-01,1.765876702239532470e-01,-4.290246692480799429e-02,-1.855579091320327112e-01,9.841522405512824478e-02,-4.864142972761811151e-02,-1.376919307628710898e-01,4.797064580705545644e-02,-2.273688497077568094e-01,-1.330157009299968995e-01,9.530781751260140877e-02,-2.710755602095593630e-01
-8.689299151898105533e-02,-2.373105412419617422e-01,2.730720210033906192e-01,6.312822673865157996e-02,-1.048952842864622065e-01,2.154042198362235150e-01,2.435108503791878418e-02,9.858107543543126808e-04,5.864262032663007662e-02,-1.334313825667158282e-01,-5.015065826363850066e-02,-8.596139245771886039e-02,-7.923974575134064280e-02,4.859147519477438615e-02,1.196309727452769534e-01,-2.293621393225339644e-01,1.871628907415132936e-01,1.163337379553502776e-01,1.386937435846456734e-01,1.428676362845650305e-01,-2.285850805070685776e-01,-2.055734708011707282e-02,-1.678031818515009557e-02,1.029846850588625184e-01,-1.129109930805768588e-02,1.034474362693244692e-01,1.017487291890376150e-01,8.827804976571967943e-02,4.540111901018084595e-02,-1.965512236695884096e-01,8.180139417095870502e-02,1.528575503781833544e-01,1.922085303551944457e-01,-1.562247555509092556e-01,-1.126813034861672835e-01,-5.344395573840417246e-02,-8.296012850421911888e-02,1.851919580573817281e-01,1.513461710927090607e-02,1.160387015456738058e-01
-2.254059191985546481e-02,-1.976519201306620455e-01,-1.829703513098586420e-01,-4.184176225144611155e-02,-1.573814514101810891e-01,1.599760038356206338e-01,7.281149971018457956e-02,1.220676041125862421e-01,1.086161717242490644e-02,-2.277853520319619851e-01,-8.381565948910897623e-02,-3.951297039317357151e-02,-1.017907771297301422e-01,-2.404821291013270190e-01,1.441656454341087579e-01,1.075053389475839755e-01,-3.863525178363454854e-02,1.632393762595769349e-01,-5.518247742058900868e-02,1.989173418721943420e-01,7.763582627689014082e-02,3.072476343800283408e-02,-1.446651564373256649e-01,2.956071434976452125e-02,2.146083675395602242e-01,-1.044554100850390438e-01,1.572773398231074871e-01,1.976983741269351946e-01,-1.029285093899211662e-01,8.736525267107608794e-02,1.507686711098011612e-01,-2.122246731161782363e-01,1.783858244662060721e-01,-1.800035620093184130e-01,1.258977172318628268e-01,8.988734012528228068e-02,-7.269806730924206761e-02,-1.570470638528489726e-01,2.377621389201530280e-02,1.623766201204073500e-01
1.809892868125178300e-01,7.464372706146781000e-02,2.509292021602299028e-01,7.705842400785625768e-02,-1.562499029987277355e-01,-4.172972393415737974e-02,-6.220540699684998232e-02,2.787570168585770669e-01,-4.361646678646770303e-02,2.309011165020875833e-01,9.399613689313562036e-06,-1.889007686662342589e-01,-1.640115910211259742e-01,-6.270596857017995962e-02,-1.958227717760109288e-01,6.073345659068307700e-02,-5.927377967343857093e-03,2.396178942247817467e-01,2.053191758199490458e-01,-1.735254044120733974e-01,-3.001778171655871894e-02,-3.094472504444846506e-02,3.992870893574710506e-02,1.597731778109954814e-01,-3.104798177130548703e-03,-4.712749991258671778e-02,-1.480108984041764164e-01,1.988511742253560588e-01,-2.606539126098397219e-01,1.713227506017199198e-01,-1.068144014867088570e-01,1.019195248477818422e-01,-8.854201301135398994e-02,2.212345833009721208e-01,-1.396857898928270669e-01,-1.569894893963267868e-01,2.065301548153640199e-01,6.709124224341059262e-02,-4.830985053017593234e-02,-2.736283536749125056e-01
-1.261203206034321178e-01,-1.761018150204607113e-01,-1.384055154036791524e-01,2.162464865953082349e-01,1.914547633078056699e-01,9.859571852025324212e-02,3.339402314028268228e-03,1.940274902294240877e-01,1.960230195723127594e-02,-9.176075937204003496e-02,-6.418511471979573835e-02,2.003213157171833958e-01,-1.494215664233465406e-02,1.625898728834370105e-04,-1.361084679825805555e-01,1.898641567146295839e-01,-1.634749863397563438e-02,-1.180229166383313377e-01,9.801955226152120337e-02,-1.564811845072643925e-01,-1.716432212199603680e-01,1.628713547930311922e-01,1.330028437773038974e-01,6.163097839089324431e-02,-1.354845982037963525e-01,5.509545187923355070e-02,5.046692733509639678e-02,-1.021407562852016671e-01,-2.349585795671332300e-01,2.092281518457777822e-01,1.114413165754114072e-03,1.414202977521869242e-01,-1.180979795476929661e-01,1.677705812295286064e-02,-2.171524915858273966e-03,-5.566230095737135369e-02,-1.894598067241777262e-01,-1.062318432287528147e-01,-1.615995646844903821e-01,-1.152921176022166372e-01
1.390462661306370584e-01,6.374615053729369707e-02,1.026726687170721741e-01,-2.613625176244437909e-01,9.013627494780218630e-02,-2.804341460251290330e-03,-1.275630803605189989e-01,-1.424742436152352520e-01,-1.352527580590061618e-01,1.664659924752832920e-01,1.930103234811744173e-01,2.327965947478888575e-01,-3.111324096997687694e-02,1.483481441022118374e-01,1.296765906985693911e-02,1.544142777162738622e-01,-1.237009163707021098e-04,3.359445927339132359e-02,1.384593071818928101e-01,-2.067217238480147934e-01,4.128587942098636138e-02,-8.029799926098882268e-02,5.878519668541137139e-02,2.505103604908614501e-01,-6.446583433566129007e-02,-6.836358662579643253e-02,1.304585117711552500e-01,6.200286984880247487e-02,-5.884999542109439069e-02,1.140541613097726115e-01,-8.975441511884094808e-03,-1.836924463979106859e-01,-1.354709486335295594e-02,-8.170652492475403983e-02,-9.221609445419069739e-02,2.258878886651239093e-01,9.791456571138533460e-02,6.357220612700958950e-02,7.491489194685357900e-02,1.344434875640767614e-02
1.159610978056747621e-01,2.237820473336025739e-01,1.986267703348383318e-01,-1.838420137953789002e-01,-1.255694763372302014e-01,-2.250183364720576840e-01,2.378609681530475528e-01,-1.247425439060679819e-01,1.103887185096433243e-01,-2.149089015957072468e-01,-9.576588393523662035e-02,2.137713916709044204e-02,-1.486625896108510203e-01,-5.424816154364296705e-02,7.468462763194855768e-03,-9.209475993069757283e-02,-3.336043918212333224e-04,8.067584270384224598e-03,-5.274142912984560588e-02,9.778469225114409802e-02,1.128128507640523137e-01,8.558660644577675836e-02,3.359632464408511543e-02,-6.404392986325925519e-02,4.586711676615926742e-02,2.036123585927826773e-01,3.150364355300967062e-02,2.354259667040045634e-01,-6.256593779165152934e-03,1.420536653793069148e-01,-1.827513350096753864e-01,1.394116977907697286e-01,2.256326900302703733e-02,-2.447764846937747485e-01,-6.342127444057886476e-02,2.555321332138629081e-02,1.332608618210260609e-01,-2.428133163371312964e-01,-9.074901216386448491e-04,1.646251359282024096e-01
7.696394736949592474e-02,2.212696574448217157e-01,-2.153841130072855770e-01,-1.292796965807718190e-01,2.116402008703903714e-01,1.338887712021760157e-01,3.642398842373022194e-02,1.507488379307615756e-01,2.183675669043431133e-01,2.454140469237986732e-01,2.011133991066614835e-01,-1.662537636472211922e-01,-1.660523910907099332e-01,-2.176395994791165411e-01,-2.634200177713112434e-01,2.342289694224726493e-01,-1.538035991246120004e-01,1.735115352836748837e-01,1.279722179773529478e-01,-1.288951342159962155e-02,-5.956689625779346825e-02,-8.666051450631663544e-02,-1.295904780203837314e-01,2.164745740334482749e-01,1.022126203903178099e-01,-2.687547277348856234e-01,-3.767221172209758023e-02,-1.244838829785940432e-01,-2.213368620212806670e-01,2.179530927642006344e-01,8.679606750160115403e-02,-8.756723893243323342e-02,1.669464514334184357e-01,-7.753970043757126007e-02,-4.894324286028522986e-02,2.306216827177725859e-01,2.336851374289703742e-01,-5.159352378178852679e-03,1.774428835361600565e-01,2.288325879757891479e-01
-8.157647865480687193e-04,-7.109618540438709944e-02,9.170333095291113845e-02,-3.816998458627027246e-02,4.685479125775624670e-02,2.518596377641382222e-01,1.242635912039422447e-01,-1.086652357620305626e-01,-2.090996981363133222e-01,-1.591699151606643103e-01,-5.091171212314992431e-04,-2.302075308518515551e-02,1.014197166379215559e-01,2.250364939394867980e-01,-1.797081915038972189e-01,1.761747476339510787e-01,1.802129174959789248e-01,2.488370250213572943e-01,-2.087412919666308264e-01,-2.372720779339715647e-01,-2.364113611528608216e-01,-1.077976938233675130e-01,-2.520715296815312367e-01,-1.084494879759885094e-01,-8.973606352302974931e-02,2.208319004186967693e-01,-2.909364024512916397e-02,-1.233306162244734300e-01,2.125967293848727777e-02,9.388891711023200637e-02,-1.454903404672662492e-01,1.290529698130599701e-01,1.959719371877400584e-01,1.920558653062167664e-01,1.463736506478873489e-01,-4.713475244313117957e-02,-5.060338156224904876e-02,-2.248001539913186686e-01,-8.836079850395943402e-02,2.683344753297876029e-01
-1.239979944611655643e-01,1.988908763936729773e-01,1.827165200059525652e-01,2.020061670692006039e-01,-1.898412448426468890e-01,2.014252938424598849e-01,5.007614008683735490e-02,-1.728868427830914378e-01,-8.266779081403044516e-02,-1.704599441564244588e-01,3.606886774805841784e-04,-1.952121566660670882e-01,-1.183496178702734131e-01,-1.567905162828387433e-01,8.477605146892823462e-02,2.796490962353738452e-02,1.377215231890060454e-01,-1.166538807464972544e-01,9.277272886328932766e-02,-2.546447797058772333e-01,2.643703912025220995e-02,1.763325478405940450e-01,2.265183002932781020e-01,-2.638917162575654118e-01,-1.436644478984621387e-01,-1.500840663392147833e-01,-2.501996846004885811e-01,-2.469656360893918157e-01,1.355330351214363398e-02,-2.144801522870550814e-01,-6.288227530319565051e-02,4.322448892169663409e-02,-9.140391798218350239e-02,-1.037743311884345015e-01,7.253718727386951164e-03,-4.519055404743155258e-02,7.755335064101233356e-02,-2.190918242948661221e-02,2.288479508305467716e-02,-5.302149064099211800e-02
-1.240451413577522144e-01,-2.007396239771407909e-01,2.077494761784130506e-01,1.403323022629076322e-01,2.068125066003355383e-01,-1.444227888462931986e-01,2.047403504890586978e-01,2.012131341807517904e-01,-1.176161719487486407e-01,-1.097715547458003871e-01,-7.491416521604400604e-04,-1.427446967587684412e-01,9.889416281841180759e-05,-1.746997162547497262e-01,2.165389255873499119e-01,-8.346573334282810994e-03,1.835238568086330624e-01,8.994508980730388237e-02,1.571068012655129145e-02,2.263614537879119759e-01,-1.670246916943262105e-01,5.711928384990074686e-02,6.461996901220208589e-02,-4.689879170378019602e-02,-2.441213221401817846e-01,-7.978253151157037662e-03,-3.375919754541925610e-02,1.707336165690829799e-01,-1.078008214051993097e-01,-3.562300358768815539e-02,-8.132540251628905814e-02,7.658453550571425739e-02,2.678988972305069716e-01,-1.506087322780398918e-01,1.117474477733923638e-01,-1.334894501014951551e-01,-2.497584319370719230e-01,-2.070865568199744544e-01,1.689363063046905589e-01,2.220677417291834210e-01
-1.230560054980293638e-01,2.201489485522061806e-01,1.634799780588285234e-01,-5.173807073732999279e-02,-2.600212199378847469e-02,7.604253503576015316e-02,-1.961338189069791182e-01,-2.745754591762450403e-01,-1.293988782823812522e-01,-2.423602477210214656e-01,4.084626657168735631e-02,4.635516048119082966e-02,-4.260020830300640521e-02,1.365895911547250763e-01,-1.980987092586377341e-01,-1.246682866631909220e-01,-5.623905059877407075e-02,-1.421937443288009972e-01,-1.905722134063035367e-01,1.755772867655512326e-01,-1.964380371320678109e-01,1.057830245323074791e-01,-2.116420387715238494e-01,-2.661071291812106554e-01,1.271723037168115411e-02,2.082204329738019943e-01,1.713553847654352424e-01,-6.988876650117002709e-02,-2.268933512149784448e-01,1.757796173922127891e-01,1.040601537104168389e-01,1.780494373320808954e-01,1.029327508517549061e-01,1.756607221263285779e-01,1.498994625587613261e-01,-2.292868599348316799e-02,1.356456150240602579e-02,-1.793855444636431248e-02,4.888113274288602428e-02,1.148459039671540644e-01
-4.051982013664933747e-03,1.590677112953156613e-01,-1.387180909068705219e-02,1.489113877568626620e-01,-1.172807404231815953e-01,-1.588045125844858296e-01,2.226548475596405730e-01,1.007401281126290571e-01,-1.344061352619382588e-01,5.090529693882052398e-02,1.791307530429042949e-01,-1.967492979214565119e-01,-1.594793496835074098e-01,5.575438951254341885e-02,-1.581331285258247288e-01,1.448639939044465974e-01,1.548924471085845380e-03,1.004225219548225273e-01,-1.814785088393622570e-01,-2.295628029955275873e-01,7.975775044038868611e-02,-3.547823973524507485e-02,-2.267098738187829365e-01,-8.016328193609462138e-02,7.207202950116778362e-02,-1.605729826888546985e-01,1.906280939401353014e-01,2.457658258328140333e-01,2.550537885482325740e-01,1.388129020593231733e-01,-8.240294284738880481e-03,1.160801997692259141e-01,-9.373540369148743168e-02,-7.844821272135411860e-02,1.234972598037724183e-02,4.778635710283519328e-02,1.819566953927486130e-01,-1.482886138212276272e-01,8.443533332159790239e-02,2.472736357794558526e-01
-2.725276750872376863e-01,-2.255174966725296062e-02,6.470191377596569426e-02,1.573226885216546800e-01,-1.662804791059598331e-01,1.904578664759941919e-01,-9.055987528635911499e-02,1.782796107282639819e-01,-2.561148227654352905e-01,-2.033280139506182527e-01,1.924107964468458054e-01,7.629071793973404847e-02,-4.888894514494125654e-03,-1.763201383086856200e-01,6.012555065828098511e-02,-2.307651712917965225e-01,-4.721283902175136410e-02,-7.666448459414187955e-02,7.560205130232522386e-02,6.417972218468638579e-02,1.920381706702717350e-01,2.318114193006459711e-01,7.071844490943912653e-02,2.672883201264899047e-02,-6.841733904670295463e-02,2.421562839283799562e-01,-1.893905117662372795e-01,2.176116520104366958e-01,-8.142228758886979612e-02,4.328557242740112276e-02,4.430041784472817101e-02,-1.445725262485638152e-01,-1.555074152190189241e-01,2.259544879445011395e-02,9.706737119753729159e-02,9.728320713480610726e-02,-2.076166429904659216e-01,1.849096376660228358e-01,7.166250175264096082e-05,2.493782711030501364e-01
1.283780529937428652e-02,-2.239556139958343572e-01,-1.696824948898512375e-01,1.610625249912526480e-01,1.052133069074615984e-01,2.097548056204752154e-01,-1.092218968653766581e-01,-1.001254278956728062e-02,6.336423276257310833e-02,6.173536193068792505e-02,-8.558581976982401751e-02,-1.811609308891717895e-02,-7.745611283928036106e-02,1.738505018626177734e-01,2.304483593478759418e-01,-2.151613497463097657e-01,5.919453253758123062e-02,-7.349838792199335502e-02,8.361293798040964065e-02,-1.367372052551736050e-01,8.701048859454448003e-02,-5.540857419507382725e-02,-1.164891756233918108e-01,1.985669473918876549e-01,2.148135625939867899e-01,6.148742183660423771e-02,-1.440464233307894026e-01,2.402770131388060337e-01,1.447948126383220846e-01,1.424518690641904395e-01,-9.529669940612137125e-02,1.632022193799487486e-01,-1.175038585443016759e-01,8.736024532432642986e-02,5.768281105772418010e-02,1.218954354429310633e-01,-6.541830012986107890e-02,1.115777068053222382e-01,1.526437315467693567e-01,6.289588005142913996e-02
-2.263485980443260548e-01,-2.005113756643572553e-01,-2.194231506164069645e-01,-1.950324258010024125e-01,-1.933009457051733104e-01,1.492166454874959414e-01,-2.595742891973699673e-01,-1.580687987474530265e-01,1.790150417555843032e-01,2.659652621184632193e-01,1.218149483485109902e-02,2.656069783933058814e-01,-1.797833795238751864e-01,2.271179359147426358e-01,-1.074683390448835096e-01,1.629349210987118823e-01,1.063659870504772287e-01,1.999745995698102297e-01,-3.807812185912708668e-03,2.130239564296250165e-01,-1.325011347883103541e-01,2.353925963724215198e-01,5.221545465053233082e-02,2.358503261082494917e-01,-2.471841978629561176e-01,1.210445430510624087e-01,6.341333245741881397e-02,9.548847448776322591e-03,-1.096789420501468881e-01,-9.003411606797469269e-02,-7.679928293375358483e-02,-1.515196261345946871e-01,1.714277367814135700e-01,2.284744865127837782e-02,-1.596534373737795720e-01,1.391919262796245671e-01,1.046014052202782693e-02,1.002282106160450742e-01,1.540877103433918724e-04,-3.503336803761068069e-02
2.364681584425608052e-01,-2.513170422754079092e-01,2.083938674506713717e-01,1.861117628826060300e-01,-5.564901497826111459e-02,-1.423808563161143570e-01,4.163625434581116197e-02,-1.911121907582105928e-01,1.367346568335510992e-01,-1.035535312924964063e-01,-5.695143227626240506e-02,2.342829564065866121e-01,1.526341048935700995e-01,1.423351479512495986e-02,1.938654293106642779e-01,-6.734053028886834158e-02,2.007896309860939810e-01,-2.050543267494221375e-02,-9.028345445170821160e-02,-2.424082561304843064e-01,2.244720433331749421e-01,-7.017395902311024565e-03,1.133809780057799810e-01,5.742298556536035159e-02,1.143288215627466381e-01,-2.246899221027481020e-01,2.395462841478551985e-01,2.336737290166818748e-01,3.997138330780181797e-02,2.301889575151336298e-01,-6.162858252833253170e-02,4.708463251917558573e-02,-5.694442808895220504e-02,9.277333566894217787e-02,-5.232636265036550577e-02,1.601256231791821916e-01,-2.266341501502616429e-01,-2.612983467292925299e-01,-1.767674985092626272e-01,-1.656421414632325562e-01
-6.852794935785387620e-02,2.292201519183817704e-01,-2.151503509608102549e-01,7.796408835782581148e-02,1.578024479333728705e-02,-7.112609635431790811e-02,-1.729421092353043421e-01,-1.695829065553928761e-01,-2.600407022492974285e-01,1.274169300175133634e-01,3.164028203329073002e-02,-1.252726032375087346e-02,6.157854440112699168e-02,-2.052311663276455422e-01,2.368148818388788879e-01,1.883032365840298372e-01,3.392045630194120281e-02,-4.937647315611329996e-02,-3.047669294600634585e-02,-1.066205449434369686e-02,2.011511758954688533e-01,1.988210284457645749e-01,-1.738787737091492328e-02,1.366149144204282552e-02,1.999924500051353804e-01,2.424066315691963958e-01,9.206289709996720583e-02,1.412231056250904948e-01,-6.737674783503855291e-02,2.009906773609791975e-01,1.193841831631606148e-01,2.221363566019731242e-02,1.791324841525075151e-01,1.973565571301938160e-01,1.052645224799921425e-01,-1.962817322329621916e-01,1.726408006822713337e-02,1.795489969179400458e-01,8.671094514604062164e-02,-2.939132535042840791e-02
2.332238563092564054e-01,-1.329301346273590034e-01,-9.868233964888829812e-02,2.449251214013651035e-01,1.622220112147510496e-01,2.107595158956895309e-01,-2.512296104473064617e-01,-8.782001853223729559e-02,-1.667519551029623681e-01,-9.907907571840458838e-02,7.072258535187846140e-02,9.578883856506809069e-02,1.084389862259937769e-03,-7.284573531710053507e-02,5.546783476886918418e-02,2.644809532704470514e-02,-8.109244351162501899e-04,7.172223972092056643e-02,-4.868329317599297962e-02,1.424664276041356370e-01,-1.497628584058344481e-01,9.152334368962934674e-02,2.343079538566058828e-01,-2.678881749711397586e-01,1.264472081484095400e-01,-1.854122767916483727e-01,4.153887117843955284e-02,7.805378730160664191e-02,-1.425718089371826591e-01,1.961465792143939346e-01,1.850507398357851760e-02,-1.418471781557220923e-01,1.269123141277895550e-01,-2.119871497339712585e-01,-4.061166902854918383e-04,-2.160031420036244987e-01,4.429048032078936742e-02,-1.250512652421068849e-01,2.974201632014305055e-02,1.135141131320158009e-01
6.600884448721587236e-03,8.167038996286710151e-02,1.523898071276712229e-01,1.719303800700893170e-01,6.574517485774136749e-02,-2.176928245632298031e-02,-3.464213633608363707e-02,2.102847408780908478e-01,8.335245938571739233e-02,-1.620548331845769463e-01,1.096296087641712540e-03,1.913126252549189887e-01,-1.256678181746057055e-01,1.755836795955402763e-01,1.777888506380754241e-01,8.854369133800412545e-03,-1.827615019903330584e-01,-1.732116898277853423e-01,1.962875026801362555e-01,-2.304637182645677129e-01,-8.594594393567525636e-02,7.256279514397390162e-02,-1.563622392486383739e-01,2.414746973582569123e-01,-1.641509152794320137e-01,4.729315110239609016e-02,7.916024060944312768e-02,-1.268406900296255024e-01,-4.144073025609319033e-02,-2.349505066662290614e-02,8.476537712178656980e-02,6.742313980109310156e-02,-3.031240529159919678e-02,7.423245840551828678e-02,1.023942716316715920e-03,4.856854396036614820e-03,8.928929392590402581e-02,-1.491709397085144717e-01,9.518361331805680337e-02,3.289347272653259796e-02
2.536402265564852154e-01,-1.410608029704538691e-01,-1.340817958764662331e-02,2.189265962435298085e-01,5.795517204122706961e-02,1.191436412582460719e-01,-2.841079723768626455e-02,1.176733950356235042e-01,2.225732012292878925e-01,-1.571884724528004318e-01,1.047451932237336014e-01,2.227278009509293943e-01,-1.944550241955514402e-01,-1.493895380078939794e-01,-1.845215055669797710e-01,1.473535298772528090e-01,-1.606512607826438566e-01,2.508762309977377036e-01,-9.009939163875717305e-02,2.168128355958875153e-01,-1.800628743436183399e-01,-1.941340577916622276e-02,1.833903858703139211e-01,4.765028398630640621e-02,-4.689546729026029814e-03,2.500648460739836321e-02,5.570035970210822363e-02,-2.001648868091276609e-02,-1.788055434864132820e-01,-2.189284304914352053e-01,-1.253983496163391109e-01,-2.299783087244240409e-01,1.620346504940384930e-02,1.658985438406370971e-01,-2.607804919045877967e-02,-2.302427030801517671e-01,-2.123006311868237683e-02,7.097391408660859435e-02,-2.927299947387679551e-03,1.338907183170178483e-01
2.400266145195048273e-01,2.006874492527574716e-01,1.244789906798328821e-01,3.986909426459236050e-04,1.038068645683547370e-01,-2.517152555445137385e-01,2.668271610645781555e-01,-1.460413204597554582e-01,2.098420571795562295e-01,1.541208147467685585e-01,1.011621086593846308e-01,-1.390774855808490917e-01,-9.163258897469231390e-02,-3.739887745411252934e-02,1.940722261526827697e-01,-1.579396615789772224e-02,1.690715461523975560e-01,-8.897361178914189872e-02,3.405534239435138028e-02,2.581688399063023498e-01,5.566516383438156051e-02,-2.234752012762724338e-01,6.474101746833984747e-03,-7.750859967307739684e-02,3.234863107333778992e-02,-1.011109591946752345e-01,-1.781912892787599900e-01,9.204921030798768333e-02,7.455330284799963070e-02,1.695201859754195961e-01,-1.348538478041756417e-01,1.647112995671168312e-01,1.543226245644040984e-01,6.092009829786429465e-02,-9.865638811946944586e-02,-1.398174119375868163e-01,-1.542125431242175743e-02,4.110416261816877276e-02,2.157460890605087550e-04,-4.049682871457938038e-02
1.890100437546189394e-01,2.026466317904698500e-01,1.819261677365673346e-01,2.117954833083569022e-01,5.368275718275246355e-02,2.110593521150860297e-01,7.362142040074962090e-02,7.735645894172443748e-02,-8.891346659401599961e-02,8.767842249816590328e-02,-1.754645140439805018e-01,-2.084945412710189072e-01,-1.359289846328611828e-01,8.523415133460350568e-02,-1.534216386612462790e-01,-7.113370220380717257e-02,-1.793469461406421994e-01,-1.526663277801584007e-01,2.150186199059650194e-01,1.962573798658658400e-02,-1.977383542211361700e-01,2.297154199736994515e-02,2.499530859505507963e-01,2.011714179938630664e-01,-3.937250076659593728e-02,-1.059574574171779499e-01,1.512375435818877623e-01,-1.444450948500057841e-01,-1.451334257981639342e-01,-2.351388757684530484e-01,1.331085046934949445e-01,1.870472688177800963e-03,1.712534740312341222e-02,1.066097303008452929e-01,9.935449490006607876e-02,-3.657572492940898423e-02,-1.384360393200989026e-01,1.900419724386119003e-01,-1.861057149477965411e-01,2.086495595130342939e-01
