-6.005593555785487814e-02,1.078204840166817752e-01,-2.467146561898755364e-01,-8.337463090492086559e-02,-1.911051189173353371e-01,-2.099245515612706281e-01,-1.737790027770978185e-01,-9.206576875524766224e-02,-5.410643311278227896e-02,3.756698026426400633e-02,-1.876588708080642945e-02,1.132903549442504654e-01,-1.240808005640247624e-01,1.830526403563421667e-01,-2.254998837784243648e-01,7.983676398215075465e-02,-1.958689679604649903e-02,4.849979311657551945e-02,-2.013399184254979213e-01,-1.735036494271254004e-01,1.393944559074658529e-01,2.301319114969854474e-01,-7.883058063043123231e-02,8.130429087889426421e-02,1.776303033676145116e-01,1.853994451238240304e-01,-1.978394389571106471e-01,-2.466620020686874359e-01,-1.858902335779180348e-01,1.769739381351066176e-01,-1.782432695742921513e-01,-4.000381865563664568e-02,2.218939434719287562e-01,-8.536948858751924321e-04,7.179090596106438293e-02,-8.533632255884043838e-02,9.744742234118870805e-02,1.548221732276469642e-01,-2.192888521888272657e-01,1.120182884382446287e-01
2.357139259612945625e-01,1.231222353910335493e-01,-1.042316346544948924e-01,1.682257129501203707e-01,-2.143869629840507995e-01,-2.586020983567896905e-02,1.996009435917628361e-01,-1.179175018344354869e-01,-1.108248878754060779e-01,-1.740691416331499319e-01,-2.187351791115785538e-01,1.094269242222877248e-01,-1.204338332433026876e-01,-1.322908432177017923e-01,1.444083767857557571e-02,-2.396481425795838338e-01,1.591106750506518508e-02,-1.651136869494912451e-01,3.107312472465447936e-02,8.579929756421232623e-02,-2.211215673133761217e-01,-5.494119095294359295e-02,1.173658719414445578e-01,-6.224546732840854912e-02,-2.489934537616322607e-01,3.254196410412636058e-04,1.010863828736882075e-01,-4.493070166256972649e-05,2.145612246680500268e-01,2.638076655034882895e-02,1.791386250365770427e-01,-1.862833526778597537e-01,-2.005759751982784389e-01,1.407068191051518424e-01,-2.840324252175309774e-02,-1.657286326304032720e-01,2.222860109322739586e-01,-9.659875517186218563e-02,1.013969537330626641e-01,1.000386445532975982e-01
1.817618729162066571e-01,5.947090916949209632e-02,1.373016730047601774e-01,-5.903100259437887853e-02,-1.283340993631086613e-01,2.051976251986574185e-01,-4.811312618681345965e-02,2.294327830716633709e-01,8.251636490747804586e-02,7.918906722574736712e-02,-1.698502383991406794e-01,2.485182281474249411e-01,-6.594893502716517829e-03,2.922254444532793732e-02,-2.833979863732963289e-02,-1.450225538163411321e-01,1.791271585806478994e-01,5.446358825803435111e-02,-2.711779321427150724e-01,4.346413020596779503e-02,-1.050912206104501340e-01,3.399281028244628515e-03,2.156411426681369703e-01,-9.152708478054123742e-02,1.945606814361767745e-01,4.567850606778058736e-02,-2.334274706762241303e-01,2.146889453784989743e-01,8.396885293903433300e-02,2.384932898136629953e-01,-1.404311016115688537e-01,-1.868461965327556928e-01,2.093687251979668429e-01,8.357612797261715354e-02,-1.948144319060397534e-01,1.373081662531238367e-01,1.323180940712035403e-01,2.004597496708918070e-01,8.161275777451248992e-02,-2.101247174543095508e-01
-2.633726075822016566e-01,-2.485793107284879344e-01,-2.370056892863706965e-01,-1.118117809435087984e-01,1.763655853289931574e-01,2.094505839876527678e-02,1.681074060025793127e-02,1.667278969775937703e-01,-1.967205984682392772e-01,-9.853239075540519420e-02,2.093011340950760857e-02,2.579998199532140823e-01,1.061279481444510342e-02,-2.597992863888047843e-01,1.750987782163540285e-01,-1.471611948236470346e-01,1.299601287089400536e-01,-4.253037069664759862e-02,1.739451632806865156e-01,1.109991257191930286e-01,1.376343845125233521e-02,-1.982898145839520343e-01,-2.117634079005089043e-01,-2.132081172699966110e-01,-2.513368549253409134e-01,-2.204661249381529575e-01,-1.247459333077936133e-01,1.034757255623420108e-01,1.676362194486035948e-02,-2.700387398348373935e-01,-1.917524378221848458e-01,2.418699465601182874e-01,2.151590456752579955e-02,-1.713355613725790205e-01,-9.981123676814297740e-02,1.300444501189533530e-01,-1.559659178491487608e-01,2.403157223266238693e-02,2.132884327181901185e-01,1.637214825617550051e-01
-1.486083129400357361e-01,-6.677401078947760998e-03,6.745936605858679491e-02,1.896574627679314118e-01,-1.867597651436385120e-01,-2.478589072711423202e-01,-2.317114762873526690e-01,-1.616544526766057824e-02,5.079312040325174860e-02,4.968088078822516240e-02,-6.719448273260794635e-02,2.663625720508436823e-01,1.830785818753799879e-02,-7.314344804156956703e-02,4.841700343798284456e-02,1.173462631752530266e-01,6.055733680543309849e-02,-1.073103061783898526e-01,-2.368374437797036991e-01,-8.299054471319443349e-02,5.272459797655398850e-02,-1.602277426693614060e-01,1.446478049361695217e-01,-2.412752448623095569e-01,-1.393293073045136499e-01,1.399956451061595830e-01,-1.724318260856360085e-01,6.610309334253522406e-02,-5.428956590319979720e-04,2.010246768239150050e-01,-9.427384634198757163e-02,-2.237030515620136994e-01,1.083147139576252638e-01,1.223163666777488251e-01,1.813988351374939689e-01,2.261264818963175105e-01,-2.498471416818424939e-01,-1.551620122473072461e-01,3.514426368907780374e-02,2.175673699316940379e-01
2.207096515117704938e-01,2.630870871947051798e-02,2.190255000758323800e-01,9.505599856890524502e-02,-6.633498898407663713e-02,-6.423419532807805345e-03,4.567137668406954371e-02,1.743553386414304143e-02,2.127427301742322308e-01,2.274018925496452126e-01,-2.969608842299206047e-02,2.501126015147697168e-01,-1.396076630100012983e-01,-2.042031728842478300e-01,-2.037081464314151602e-01,-6.432146595879535515e-03,-2.176276275465919285e-01,2.435125252500735527e-01,1.573188897859536250e-01,-2.647362664796042431e-01,-1.631486218648039721e-01,-9.728921209108520873e-02,-1.793770662808537308e-01,1.429449774559701514e-01,-9.178675309738944244e-02,2.108178035989462795e-01,2.652033266406701034e-02,1.904121909019058645e-01,1.662222794123627556e-01,1.909926157838361671e-01,-3.421021440712844041e-03,2.439156074876797781e-02,1.422865146272181691e-01,-1.292091289704505319e-01,8.389844942622151159e-04,5.318681400218853300e-02,-2.489855322127958459e-01,3.030022099490534138e-02,-1.270245967905055465e-02,1.465400131848239307e-01
-9.775720381840193041e-02,2.004920863030739686e-01,4.346550733079996426e-02,-1.775977733753641430e-01,1.391403291121598162e-01,5.858705677497200170e-02,-2.344714174317775179e-01,-4.814653559348351652e-02,7.539690528723966279e-02,2.168365073461583914e-01,-2.284716990604777342e-01,2.461754692466212313e-01,-3.829172885374985957e-02,2.333924508609040160e-01,3.704042018281764048e-02,1.604135763309367801e-01,1.616111224241212688e-02,7.489993595866764609e-02,-1.199147562936539735e-01,4.037834918057107980e-02,1.463048047502706062e-01,1.744494936228689341e-01,1.324137052972271245e-01,8.981939108496608815e-02,2.067535388714901723e-01,-1.022849835942066105e-01,7.211556007823134717e-02,-2.974656834910962763e-02,-6.814232018118150658e-02,-5.980190243389011534e-02,-2.666014568558042544e-02,-9.393431476142742598e-02,5.534467730009316050e-02,-2.393388037619752565e-02,2.152292769928171312e-01,9.282581711976382877e-02,-1.545645537093043309e-01,-5.309455031774498041e-02,-5.436962616864006448e-02,1.483772693519883890e-01
2.213098139689125832e-01,2.068016364185850386e-01,8.603171020227885768e-02,-1.360047666629527474e-01,-1.374091084300420595e-01,1.839813345275816692e-01,3.235607891664811497e-02,1.509835894673873802e-01,3.191162650995026800e-02,9.492248768633995692e-02,-6.965325036315870959e-04,1.142827516833814228e-01,1.373000868496741973e-02,-2.895954947308329586e-02,-9.872970754661944404e-02,-2.323868457749118654e-01,-3.765264590439933168e-02,-2.161749966190120997e-01,2.477590908356505084e-01,-1.419091538041715450e-01,1.776522302613946225e-01,1.830457533908654288e-01,7.182805382439530484e-02,5.531345123370202260e-02,-1.574428345713374255e-01,4.209460653453041615e-03,-9.608059602878127325e-02,-1.452638634420422015e-01,7.420974202979983836e-02,-7.910156000678711385e-02,1.857471964120410157e-01,2.118321400216103267e-01,-1.034929104602553968e-01,-1.835314268029897278e-01,-1.299255548356736401e-01,-2.163871855430841117e-04,1.190838470770693158e-01,-1.330070581664892226e-01,-1.019805070468872560e-01,2.096724233568063867e-01
-2.227211978537178491e-02,5.950533028313578082e-02,-1.373554936655649872e-01,-2.234856632410725241e-01,-1.350156518029247028e-03,-1.118235419757879212e-02,-1.637706136534118617e-01,6.253211651381791747e-02,2.014978789713529894e-02,5.778229574123584789e-02,-1.546161051130556519e-01,1.078316555483250921e-01,-1.151427375900474365e-01,-1.260678077459278026e-03,1.295311950347919905e-01,-2.561142980367415722e-01,-6.372348326180048150e-02,1.788122467801883941e-01,2.057758891475353624e-01,3.961154899599154261e-02,2.057511351084093665e-01,2.216919300821607874e-01,1.467496308415569273e-01,2.015477348372104460e-01,-1.898901635980922431e-01,9.780220456819917196e-02,8.884131152840039902e-02,5.575405261019216602e-02,1.742937336771346324e-01,-2.221927322914683534e-01,1.112313139971649462e-01,1.198465521584693438e-01,-1.068945314241345201e-01,-1.077388029082708698e-01,4.254152576587486023e-02,-8.117923590470108031e-02,1.540728898864588692e-01,-9.913762452626881730e-03,1.175783311173876217e-01,2.753075989928320255e-01
-8.362618242349034725e-02,-1.824441480170344299e-01,2.038519230518558434e-01,3.248796981413552831e-03,2.356007825257727117e-01,7.103349202166102383e-02,2.689320505104042525e-01,4.591485565214538378e-02,1.234292620887189433e-02,-2.083452982884919924e-01,-4.833778201196661101e-02,-2.649596120928859877e-01,-1.465240811113558972e-01,1.155832429939108591e-01,-2.605195716750334234e-01,-7.841454974961051261e-02,1.581371485654516074e-01,7.594476322389359657e-02,1.193096895996752782e-01,-1.419178483925479517e-01,-1.372840391132294433e-02,3.155095722807075426e-02,2.328325167920507754e-01,-1.344959995836070843e-01,-1.131369785509215437e-01,-1.036972771641750946e-01,1.129163107948895489e-01,-1.621766312093088705e-02,-2.112212795207178972e-01,2.261446698384091125e-02,-1.202651448743756180e-01,1.542145168330210647e-01,-8.868766698849336882e-02,-2.261282153986333421e-01,2.435175203360228496e-02,1.740816060839807944e-01,-6.069155645899519669e-02,1.469584439192366532e-01,-8.904079640330261110e-04,4.097855981425422428e-02
2.558492020422336033e-01,1.751227944615562637e-01,-2.511438903266937639e-01,8.974653278821649593e-02,-2.760951210490739105e-02,2.315821285850230005e-01,-1.308340005668245098e-01,-1.007290775137360123e-01,-2.165467028215972700e-01,-5.593769748024686461e-02,-1.727807107075237658e-01,4.982134258548610167e-02,1.278523469278614044e-01,9.036377471053184951e-02,1.193296566295408007e-01,-9.090517308378059935e-02,1.497123331328679419e-01,-5.815610831749211396e-02,1.854818360987992298e-01,8.367563486825085883e-02,-1.679982204647974542e-01,-2.282707673217245214e-01,-2.678012973717194822e-01,-2.055063959203607959e-01,-4.399906588687393406e-03,-1.808516208518506363e-01,-2.601578688903846137e-01,1.495255412649086624e-01,-3.765677163196340382e-02,1.457599512074024550e-01,-5.750426980417649298e-03,-2.580217503033899878e-02,4.059211304313118177e-03,4.448463965270329536e-03,1.279541585554424821e-01,-5.731186580555686083e-02,2.095968581053856972e-01,-2.211168020632344189e-01,1.130747399824858224e-01,-1.746110464516013594e-01
7.914800655820330988e-02,-2.424451434316017007e-01,1.411027728250817317e-03,-2.751453144554913410e-01,2.234270369527607270e-01,2.092303080454480380e-01,1.652489743983547865e-01,2.293192156287125194e-01,-1.828384589084170175e-01,-1.950993281018954528e-01,-1.326396018413091016e-01,4.474530379810331970e-02,1.803714059218408106e-01,2.417182756782242647e-01,9.075918311654357362e-02,1.099564383203311541e-01,1.821554205755982481e-01,-7.098961910236761819e-02,-1.123157054017899087e-01,-1.506483896427205926e-01,-1.804504091431928248e-01,1.508355985640608687e-01,-2.007411918215517566e-01,-1.035979301197502561e-01,1.816373950878838739e-01,-7.920159777799062883e-02,2.327757479638143667e-01,-1.089402769319583603e-01,3.340475011891174545e-02,-7.755125057579828618e-02,1.829132150428574854e-01,-6.972063240908027426e-02,-1.930634660889340298e-02,2.426390034063602083e-02,1.973195090783092798e-01,-2.535129708131056980e-01,1.116059297548996909e-01,2.198698283646416674e-01,-2.146702636026053268e-01,2.934168779176721947e-02
-7.242075047320184478e-02,1.923459450913699298e-01,1.698484266216458011e-02,7.960432317601832952e-02,-3.387197646915349192e-02,6.638896449905969110e-02,-9.642761519720718932e-02,-2.403766872744033112e-01,4.023059958600009450e-02,-1.151504344880618369e-01,-8.118558351214305580e-04,1.971158351964505395e-01,-1.566238120616327695e-02,-1.416310544877962818e-01,-8.490548832864737439e-02,2.132949591271894596e-01,1.962849101389747830e-01,1.591568192896733180e-01,2.329835208391110302e-01,-1.227834676847149309e-01,-1.970375411895865236e-01,-1.513238204771804041e-01,-1.136303923378778613e-01,-1.499067136036811576e-01,7.209333495256552149e-02,-2.617671342284649469e-02,1.469450531405962490e-01,-1.532864736098575598e-01,1.198290698889836331e-01,-1.158014205062098401e-01,1.595374307939968414e-02,-7.877183727722149309e-02,-2.140888149843048205e-01,-1.220898361031297480e-01,5.802846324773050513e-02,-1.359150392281010221e-02,9.376109405549106976e-03,-1.500085682386466668e-01,1.449328953598081476e-02,2.739164872443520804e-01
1.805759707691445282e-01,5.424338257314865325e-02,2.356320997713269028e-01,1.885907029080000352e-01,5.888762058510707553e-02,-2.424311757097189213e-01,-1.982838142907042134e-01,-2.126526026501079636e-01,-2.387613517159180992e-02,-8.157267071215391907e-02,2.160236921654261899e-01,-1.888074472027061468e-01,2.147086572828120488e-01,1.493061532237072719e-01,1.487363615855004928e-01,7.732124181776828253e-02,6.031051635320208715e-02,-2.966669499292291096e-02,-2.361102040430876625e-01,-5.843019889597843297e-02,1.176278155905880959e-02,1.293348397291819718e-01,-3.344265206443977623e-02,-4.035528567945326217e-03,-1.704247370014405072e-01,-2.342851554959401172e-01,1.168859026039729548e-01,-8.477892118139561395e-02,2.653330339778761648e-01,-1.261687498399956531e-01,-5.664604021439040293e-02,1.141593108999570255e-02,1.460505479667560669e-01,-6.564248176732465643e-04,-1.646962427835680642e-01,-1.051537383927481917e-01,8.291577530922165885e-04,1.077506889727310319e-01,1.111863101227754946e-01,-1.739870325060662304e-01
-2.299231262249771812e-01,1.446779421123900976e-02,1.518448532826505160e-01,-2.706060519737423231e-01,9.858843303598922858e-02,9.571774810492474084e-02,-1.504232669380741252e-02,2.250810707224003004e-01,7.614131045900152106e-02,-2.721421603916369669e-01,8.845746036205503040e-04,1.688254589515837123e-01,1.418282745960712521e-01,8.826209917465918653e-02,7.076724374235913995e-02,4.970739436862593730e-02,-8.882266819797690616e-02,1.441743406628062663e-02,1.033929527047740687e-01,-5.903586650621064913e-02,1.993995910349738721e-01,-1.468864249164223423e-01,1.110706620923247040e-01,-9.077945515482634120e-02,1.578912864887711820e-01,-1.919763132241351575e-02,1.423728333764869569e-01,-6.831902084875580983e-02,-1.330473820458298317e-01,1.563456633152957853e-01,-7.153226900792795939e-02,1.198986383087061319e-01,1.403888091057773069e-01,-1.258236004520554008e-01,-1.191720430920842760e-01,-1.614499856848833625e-01,-1.858196066975384975e-01,-4.548690572474832494e-02,-2.150086246624556829e-01,-1.845522636634347735e-01
1.059627349748939601e-01,1.588532150738875548e-01,-2.235791971377852627e-01,-1.576518062113123619e-01,-1.414304367377255400e-01,2.145232658909145829e-01,1.198296635106595037e-01,3.800970704116871796e-02,-9.868920579825810058e-02,1.569844888887286793e-01,-1.205061957479790224e-02,2.027042368512672055e-01,7.887100644639041813e-02,-9.061619924229040554e-05,-2.123668671607257807e-01,2.550492069773283577e-01,-1.468106273086621505e-01,-1.694526299066280162e-01,-2.141361046700450757e-02,-3.262902818521415393e-02,-1.669673666963297776e-01,1.289801344832004759e-01,-1.766608322373810769e-01,9.206313909182699262e-02,1.475953185720808858e-01,-1.314683316759988618e-01,3.540998955405720572e-02,1.352426294394477591e-01,8.571284353346082796e-02,6.848411672167976916e-02,-7.810324338920705822e-02,1.188817540304400039e-01,2.437811463712649118e-01,-2.035081758647930977e-02,1.172901646731706327e-01,-2.337606365718477852e-01,1.717212758252509575e-01,-1.409320585868601428e-01,-2.959371411313593131e-02,-8.749846125074119130e-02
-2.018916740174544755e-01,2.126432215839771100e-01,-7.312890357857378121e-02,-3.591983996843854839e-03,6.499993427934453415e-03,-1.907126784193690638e-01,-1.414680417140286584e-01,-2.093024285936105899e-01,7.337097942656256762e-03,-1.380492321884555229e-01,-4.767911042327676457e-02,-2.172776045490260599e-01,1.200172429482588010e-01,-1.918902295498995936e-01,2.299491602455316086e-01,-1.573780879694588186e-01,1.519419076340790264e-02,-2.498213161560145779e-01,1.616456763564747268e-01,-1.439601166850836278e-01,2.939879996756462194e-02,1.345389199895567767e-01,-1.956866299546560772e-01,4.396058447733588309e-02,-1.304045250919159959e-01,1.514569225720557022e-01,9.996365053008539336e-02,-1.607972852691171295e-01,2.006443517260934062e-01,-2.296542317349431206e-01,1.570593733553189431e-01,2.997219123274728891e-02,-3.657825476456026681e-02,1.517711902667018831e-01,8.432402198672632465e-02,2.480310143529038114e-01,-1.157647730658769303e-01,-2.382508223970363770e-01,1.947645979576770048e-01,1.997268356771762510e-01
1.314871402963282698e-01,1.189279466855565001e-02,1.018175402551239755e-01,1.244749362599860548e-01,-5.507197628120470700e-02,1.388210413599064164e-01,1.385259686192593098e-01,6.715322018081643085e-02,-4.537995362028680868e-02,8.888696299460487060e-02,-2.270797088178554413e-01,1.291095990775052438e-01,1.755625545104783081e-01,-1.233543737507100113e-01,-1.848449719214739217e-01,-1.350873441524348129e-01,-7.479698123217248806e-02,1.845396224139537189e-01,3.461804397144702117e-02,-9.482660073555303215e-02,-1.749091970666425966e-01,-9.778967216436293408e-02,4.579907563451463687e-02,-7.359050030650232666e-02,-7.282477285071059514e-03,-1.182250234949604011e-02,1.848908974507771918e-01,-3.239336800201528255e-02,-6.698461676524999908e-02,1.086982423683688498e-01,-1.154304987686284589e-01,-1.734047834395501322e-02,-8.302643011616388236e-02,8.385142230436203048e-02,1.658126025227174560e-01,-2.962558903354467824e-02,1.457331755806558771e-01,-4.244717512103562095e-03,5.416164096404812306e-02,-1.766413789027745374e-01
-2.572286030151000810e-02,2.140204736824019849e-01,5.067332966145397105e-02,1.058511193460055233e-01,1.196553495727108521e-02,-1.737164947275732273e-03,1.838375886414448102e-01,-2.156398743040859045e-01,4.872379287167594164e-02,2.208193218644997347e-01,-7.772565952005490442e-04,-1.651095198331267999e-01,1.507782767799203116e-01,-1.169916445028317126e-01,1.201494920765514007e-01,3.016632661926349837e-02,2.024213521346563960e-01,5.345271293352318182e-02,1.851417384427550827e-01,-2.420639269019644602e-01,2.349084720621656408e-01,-2.074821387736515976e-01,-9.968233978260089556e-02,2.464079646734939621e-01,-2.596818073625993817e-01,1.818668840671180953e-01,2.025412348522493966e-01,-2.628092962977934474e-02,-1.158486731763260363e-01,1.744924904059285409e-01,3.899267327596726753e-04,-1.891820779436682032e-01,2.315412214759547116e-01,2.235786950534546791e-01,7.704461908890655568e-04,1.827265343214925508e-01,-4.314948608279148279e-02,1.125776525833000474e-01,-2.825886651276021330e-02,1.290161868416585429e-02
-1.729405681488193625e-01,2.421091648388802309e-01,-1.088553853782796427e-01,-1.881503213236047634e-01,-1.741273141386950329e-01,-2.517005815219513498e-01,1.092676347821478627e-01,3.940772115725028196e-02,1.616534686738479998e-01,1.710501279383680115e-02,1.221864419600276336e-01,1.148294759262794562e-01,1.150907862900613782e-01,-3.703576023326297928e-02,9.361652802792384820e-02,-1.559465288465606558e-01,-6.498297780082243347e-02,-1.747300253634948841e-01,-4.051484340310405885e-02,-1.604276847586655064e-01,-6.487075127169186772e-02,2.559624186481224695e-01,-7.934499600271627262e-02,2.293088904576494336e-01,5.241914946766680627e-02,-8.021663622659251647e-02,2.006827118833471590e-01,6.557039829140710874e-02,-1.295272424016671586e-01,1.343373634842295050e-01,-1.299992628050487646e-02,-7.397355594681577495e-02,-9.307369204556974196e-02,8.504633328692644267e-02,-9.157602214274516983e-02,1.587514654483472010e-01,-1.068365962951569187e-01,5.867465618775862674e-03,9.110350489816774729e-04,1.766131422222896319e-01
1.778263268430411992e-01,-1.616078960001088582e-01,4.281468174573928309e-02,2.233489316493583177e-01,-1.828525301458341912e-02,2.171604595709116514e-01,-1.313438052497181985e-01,5.961087192283513053e-02,9.782166619271209784e-02,-1.170108617728702893e-01,-2.216094614166000953e-01,-1.943620476980414263e-02,1.971120884994730926e-01,-6.980153544525533049e-02,1.621141672968555991e-01,-1.585136938618333657e-01,-5.505283096442092211e-02,-1.774272132102636679e-01,1.007911719835160730e-01,8.228284052061091147e-02,8.082303242872956872e-02,-1.167658507500639320e-01,1.226699143448517215e-01,-1.597611762073500863e-01,-5.635977609673903377e-02,-8.636066681592870220e-02,-5.850550162075713462e-02,-2.259223709925421431e-01,4.600247980325843089e-02,8.898912369814415690e-02,3.364292011865519655e-02,7.630935618243227248e-02,-1.890585078474206759e-01,-1.986286350957381097e-01,-9.149946877513220672e-04,1.943549373360393406e-01,-1.641975090498825063e-01,-3.702840121291828268e-02,-1.463873466123171742e-02,-2.576831003773296172e-02
-1.949881487354057363e-01,-8.151587923294860427e-02,-1.217250646663313174e-01,1.960036588148731107e-01,1.646200705341437087e-01,-3.836156868418530430e-02,4.072433444672064751e-02,-1.888853928564671880e-01,6.797656515121220863e-03,-8.406507059669697524e-02,1.567599430306332031e-01,1.096364600513166226e-01,4.310457807330261848e-02,-1.825105067701384143e-01,2.725270137529343939e-03,2.607384219587697838e-01,2.021459027240129491e-01,9.899364652946471277e-02,-2.032056574267089299e-01,5.261189526897631225e-02,1.756070589456464048e-02,-5.607411727867727541e-03,-1.637825038732008270e-02,3.274402947056830049e-02,1.635150408376825903e-01,1.103400271663821375e-01,5.722982576632556356e-02,2.182402638901843328e-01,-2.430902484634838712e-01,2.355409296107045247e-01,-2.014824616129450019e-01,-1.551994795507830593e-01,-5.631571541290029265e-02,-2.204458294196499912e-01,3.841108036929701680e-02,-2.312185274538324786e-01,-1.119784294951614578e-01,-2.445946116243642998e-01,7.760376985615316525e-02,6.630089429549980429e-02
-8.173224611956395047e-02,-1.662454757031771313e-01,1.338584203106530923e-01,-6.410780012168529329e-02,1.620195512198294441e-01,-6.795031146094782093e-03,-1.558970404737874092e-04,-2.678845604773859024e-01,7.537394810503465770e-02,-5.756770142193740752e-02,-1.115132967621189491e-01,-1.438301286732865218e-02,-3.550027168523861576e-02,-4.346499070305207164e-03,2.657145338243861454e-01,-6.051185883815225763e-02,1.133464839277414787e-01,4.965493304060859120e-02,1.817566285934716641e-01,-9.350708881166330810e-02,-1.476235553122676181e-01,2.228036798998900558e-01,-2.161720797308571973e-01,2.144379030238738049e-01,1.205362549677210619e-02,-8.279922684967899738e-02,2.719631934262297102e-01,-2.477468798823094509e-01,-8.442647577187441243e-03,-2.603861219854506914e-01,1.468347020190664647e-02,-1.650485011251345835e-01,5.197505579436919460e-02,2.304904575840639736e-01,1.645556692373059682e-01,-1.978973821415911868e-02,1.068806223476094081e-01,1.253318509545283399e-01,5.170974941561678074e-04,-4.489482363197444710e-03
-1.985997659300569318e-01,-8.271983540448986372e-02,-1.711629841638482863e-01,1.356305692847539490e-01,-2.331471582909644055e-03,-2.669735104431607969e-02,1.866208491152407944e-01,-2.348975256078801501e-03,-4.676960262521652478e-02,-1.006343896362136975e-01,-1.917330884530053792e-01,-2.339010368257767730e-02,-2.154573613532314580e-01,-9.658148513774053590e-02,2.004995010922047682e-02,2.501959081543049246e-01,-1.725943611372335595e-01,1.098993571518933760e-01,-1.745929945223978139e-02,1.249226776399603861e-01,-2.001172229174049688e-01,-2.046363114718583731e-01,-3.334082474634306181e-02,1.351688958298978560e-01,-1.761290405471536702e-01,1.195747809707934095e-01,-9.197412528392466535e-02,-1.601343126253712279e-01,-2.659010993643611820e-01,-7.059493875826497455e-02,-3.615548455129764804e-02,8.253463201511544722e-02,-2.367512217085912807e-01,-1.973029552882527293e-01,-2.201678325734555408e-01,-1.902936524180694200e-01,7.806019224106745813e-02,-6.822325344728899510e-02,-6.537642177250299613e-02,1.157587023063593942e-02
2.371326253308238818e-01,1.647863712640269540e-01,1.186416024791249468e-01,2.345689115923012269e-01,-2.281006413663411170e-01,-2.305120561178245764e-01,-2.560629261078067875e-02,-9.168702002768293335e-02,2.253972213457303697e-01,1.267421832103288529e-02,3.285975001076993102e-03,2.223204972847019345e-01,-7.748748393757382349e-03,2.059047749810312689e-01,-1.088987765029093280e-01,-1.068342568907154067e-01,-6.174546477273773482e-02,4.373805698005003156e-02,-1.609393950621028357e-01,7.066878373817653269e-02,-2.004601154027416121e-01,-1.989894083922991719e-01,2.092227378757329781e-01,-1.539700925690017930e-01,-7.567350596071499569e-02,1.842489596442051236e-02,2.970603103423027913e-02,-2.291218597965568315e-01,1.773822469316483907e-01,2.146851303796211974e-01,1.327103722362731886e-01,-1.152241754626284337e-01,-4.612841222285078702e-04,-1.008621352976604851e-01,8.219936544828046129e-03,2.595522331626128332e-01,-1.050822596440565831e-01,6.919859825823104771e-02,-6.292927160052505520e-02,1.240685584370908173e-01
-1.071339318688389469e-01,1.952484673394905557e-01,1.414564176079397828e-01,1.543172740449983704e-01,-6.107272411495482181e-03,-1.482003322198166551e-01,-2.485615618340444311e-01,-1.043358926840738388e-01,-2.398532726452874408e-01,1.176004925084343233e-01,6.110889011353441702e-02,-1.829028915772457770e-02,1.099896669665204746e-01,2.905476058797996919e-02,-2.190803607165641986e-01,-1.964330537072384586e-01,-1.296946524706255321e-01,-6.671253186577875971e-02,-2.468236921446730625e-01,3.669053029464838106e-02,-9.692348023204212792e-03,6.948963447984146669e-02,-1.744270565223089015e-02,1.615632911857110554e-01,-4.043440594654229558e-02,-2.686015865787232948e-01,2.090703620879326985e-01,7.196362289622665331e-02,1.514163782677813153e-01,2.150171140345129572e-01,-2.025502428364210628e-01,-1.354314342967260498e-01,-2.400413705973915290e-01,-5.842694309781128192e-02,1.588949452259987294e-01,-2.060536621866002338e-01,-1.219160786298107042e-02,-2.113283883592182999e-01,1.125733160357400842e-01,1.591823829996264206e-01
-2.525200553760019173e-01,-1.202159330191142177e-02,-1.254358710998058346e-01,2.524780377524522557e-01,2.196443899225180851e-01,5.954101675311394837e-02,2.331339485114079235e-01,-9.143159679370813087e-02,2.039953812182650206e-01,-1.685599750855615656e-02,-1.081639439869452601e-01,2.446498266101496677e-01,6.797956482913436460e-02,-2.358766832354439180e-01,2.100320608302251035e-01,9.488052627267615224e-02,2.960469730800559252e-02,1.372119607690593934e-01,-1.422959982826980108e-01,3.460082899808689105e-02,1.466826410455026874e-01,-2.407751773212330748e-01,-1.738889946539667053e-01,1.589452545503554082e-01,4.450393207342397128e-02,-2.042892083607002543e-03,-1.134829379094254437e-01,-1.135567276957286098e-01,1.774856725758374998e-01,-5.874068135712642164e-02,-1.956191856877322333e-01,2.055024010684546598e-01,-1.674469686970518068e-01,1.504567070917249005e-01,1.680682500105844801e-01,2.009348033289559254e-04,5.205240515755695657e-02,-3.883700871477645603e-03,3.895939298483704072e-02,1.667465619316065573e-01
-1.286168259892541688e-01,1.938700957981241701e-01,4.236843895728008985e-02,-1.797558817849742030e-01,-1.504986927315530576e-01,5.053080783633424888e-02,-1.454674981662511801e-01,-2.007659978478354423e-01,-1.765550905397788584e-01,1.943637136242681307e-01,2.833904482982623277e-02,2.557089808704076650e-01,-5.322708073002382911e-02,3.812165965391690198e-02,7.025975091494600366e-02,5.054624219631755760e-02,-1.983122453791414108e-01,1.455637497375906197e-01,2.171086322397164647e-01,9.164534028454334597e-04,-1.743737092447163739e-01,1.200228221116343141e-01,-2.381502969998216257e-01,-1.064877301246514585e-01,1.992096573655832981e-01,2.761434096108254105e-02,2.000629395880848815e-01,4.710645146514365333e-02,1.520471693536628310e-01,1.776466651748450365e-01,-6.539622502859679387e-02,-1.939598978000278973e-01,1.003078304722215541e-01,-4.887680848518055621e-02,-1.637179826123748017e-01,5.144563398947674809e-02,-2.381545918487913971e-01,-1.728049441682579512e-01,1.203979183789189861e-01,-2.679823102124868073e-01
-1.169460452489336499e-01,-2.509085217439347426e-01,2.632138871674983838e-01,6.162065582408580294e-02,-1.162304502182226751e-01,2.223116499705085625e-01,-6.701989919702226912e-03,-3.315661480672642963e-02,4.267505702975232101e-02,-1.063555686491198110e-01,-7.320414392058163799e-02,-5.083016935813622350e-02,-1.037938034069000870e-01,3.240318218413983792e-02,1.211063143038795947e-01,-2.303269474315123855e-01,2.138340798622747618e-01,1.460220714468087044e-01,1.443961994996356690e-01,1.133509649485608672e-01,-2.320850836737285705e-01,-2.002346534893259186e-02,-1.261397279036933529e-02,7.137640625169025532e-02,-4.262658059803234312e-02,8.772946672289358427e-02,1.106605459005868819e-01,9.546218308497655958e-02,4.721803690530939485e-02,-1.985817010811712635e-01,1.064508817073320235e-01,1.456208779181763224e-01,1.950735989031660012e-01,-1.556112392497955854e-01,-1.382195412340627705e-01,-5.237441609975582169e-02,-9.143203577289690798e-02,1.449074435373407521e-01,3.361343536713955193e-02,1.189243667141592492e-01
-5.162866803106107294e-02,-2.102721360140879792e-01,-1.933361296408075969e-01,-4.563405505493757508e-02,-1.676252502745110562e-01,1.664953061675723545e-01,4.177759732812962729e-02,8.842454376531008742e-02,-8.580115348903434927e-03,-1.985287335245214391e-01,-1.085372612213022919e-01,-5.771932160024888757e-03,-1.270613739185066926e-01,-2.562784807109158569e-01,1.405169642811431308e-01,1.068082744411041896e-01,-6.074262518322974536e-02,1.914810816409369953e-01,-4.988111399832841769e-02,1.723667574383076495e-01,6.694553172136885610e-02,3.127144128484755925e-02,-1.404069351493091311e-01,-2.190647475841663375e-03,1.881987525294719632e-01,-1.180854739116145025e-01,1.774936097861883888e-01,2.051928574544634731e-01,-1.011560852089966739e-01,7.619749911193068881e-02,1.769980889582098427e-01,-2.185588198986675168e-01,1.824243546570844532e-01,-1.778735762817769406e-01,1.517124191586184112e-01,8.930046648222952910e-02,-7.912824328072669278e-02,-1.980115692496405844e-01,4.401829697461173696e-02,1.652994957512742280e-01
1.543377208711193826e-01,6.320082524394869672e-02,2.401671606248407809e-01,6.834553365682220771e-02,-1.655686389909650780e-01,-3.582957648031830089e-02,-9.257558405388467693e-02,2.457653543432344323e-01,-6.883781725156569442e-02,2.657285811943636555e-01,-7.123739600396760980e-04,-1.582017283873651536e-01,-1.904201256765699346e-01,-7.822285277434348760e-02,-2.096333859506096520e-01,6.008129767009795508e-02,-2.107159660440023966e-02,2.657296346769287276e-01,2.103375534418819026e-01,-1.954992700226766689e-01,-5.030912241668664131e-02,-3.041147452917087809e-02,4.277818320829652327e-02,1.278660983611938085e-01,-1.828825166834803506e-02,-5.779179341512111906e-02,-1.386320202446797989e-01,2.068399727187780757e-01,-2.585673132822861042e-01,1.474619491256062842e-01,-1.322135389479086598e-01,9.622047535726531431e-02,-8.673086202042434856e-02,2.263324427074464018e-01,-1.657447874289006695e-01,-1.591958131563334655e-01,2.021449251507717038e-01,2.508093788631458876e-02,-7.123115148078193459e-02,-2.700783441684616593e-01
-1.430240824432361668e-01,-1.855758573551877233e-01,-1.497227895870706926e-01,1.901647921445595857e-01,1.831169860556183526e-01,1.042063231557801145e-01,-1.942479681159937216e-02,1.618893498346493098e-01,-1.905106034106819266e-02,-6.980865086471825520e-02,-8.807654368859614558e-02,2.193260656854868484e-01,-3.337166708664426190e-02,-1.492936800481890237e-02,-1.437519305832021255e-01,1.894004676217198868e-01,-3.512453692637268476e-02,-9.566074540121380365e-02,1.031416630068189844e-01,-1.641272497246614448e-01,-1.799782220831308288e-01,1.634423037520127409e-01,1.267720436451476862e-01,3.428591027350774006e-02,-1.143324672457633057e-01,5.296816483642740464e-02,5.536816318411081489e-02,-9.353433190422774657e-02,-2.307106778143321046e-01,1.829091738360416608e-01,-3.398977008598693447e-03,1.366576448889744444e-01,-1.347264616850588625e-01,5.944505842201821405e-02,-1.469552048766205841e-02,-5.974774832732447638e-02,-1.916258887382694676e-01,-1.472120138509099008e-01,-1.879772429163774350e-01,-1.072709328755789837e-01
1.499720227786376925e-01,5.763124098929852529e-02,9.101517260076934235e-02,-2.712276104661490161e-01,8.257050552502108454e-02,2.324910824840479683e-03,-1.209511564976445130e-01,-1.728024058407854613e-01,-1.683060590107948451e-01,1.522229835773861173e-01,2.197395634896106842e-01,1.879706495554288870e-01,-5.240040695597796699e-02,1.334449719520462152e-01,6.443213511897604752e-03,1.539789352432163749e-01,8.592479788876255208e-04,4.743215596624464347e-02,1.467273604396997499e-01,-1.837932333199231993e-01,3.578980567953558151e-02,-7.977440524127143995e-02,2.831562223882010468e-02,2.564500145032666545e-01,-3.766678935852929566e-02,-3.393103870899312480e-02,1.339116476716246951e-01,7.165539845642991679e-02,-2.822362903809903442e-02,1.154543703956916745e-01,-2.551231665046437350e-02,-1.876066938216214841e-01,-3.509628759223569743e-03,-6.809576289179135322e-02,-1.172136344749609149e-01,2.198595135298006542e-01,9.894304314625945729e-02,6.875135314573586898e-02,9.929758296860437261e-02,4.986507407344354520e-02
1.247658114182261524e-01,2.217985433896960956e-01,1.871697078013135895e-01,-1.896665149090431823e-01,-1.318459444592926799e-01,-2.205592665026787358e-01,2.628764134194913060e-01,-1.364071092571311761e-01,8.032763999484562878e-02,-2.337602460538010796e-01,-1.208693255947259765e-01,-2.063220176544124096e-02,-1.748611813278060922e-01,-6.863485113588771447e-02,1.810547698814028153e-03,-9.248208652559890275e-02,8.672166745697550833e-03,5.211398306772199555e-03,-2.879475332531960391e-02,1.211342913624333800e-01,1.085670258807449884e-01,8.614440736161586842e-02,9.914839548514072648e-03,-5.461652374649585834e-02,7.573822810734869015e-02,2.446849495199350799e-01,3.380967683215639619e-02,2.467287331394978356e-01,-1.082614692948851050e-02,1.418699052696565377e-01,-2.093767044631570928e-01,1.369230515938058002e-01,2.667065585726257834e-02,-2.377521244794311706e-01,-8.727351885045422919e-02,1.649766953876549702e-02,1.393295802465936151e-01,-2.128998214511801379e-01,6.240786478273481486e-03,1.775158803627966408e-01
9.676618091895299034e-02,2.245897495048515269e-01,-2.228664387340860698e-01,-1.334723498807558750e-01,2.069412236365782976e-01,1.374483905186956179e-01,6.538768327973162875e-02,1.933727633404911939e-01,2.032286031815306315e-01,2.240344407084291500e-01,2.279184181585753866e-01,-2.063788111747659748e-01,-1.924864648997498817e-01,-2.314964662089313008e-01,-2.685798125722813068e-01,2.341343837748234291e-01,-1.800762479042569697e-01,1.529274431129258316e-01,1.163728947426649479e-01,1.241427948660434044e-02,-6.290100603841035365e-02,-8.614275351681148496e-02,-1.471861398535681542e-01,2.306412276437367903e-01,1.336369280477332500e-01,-2.256946153631481655e-01,-3.614928630725429415e-02,-1.073060884850912389e-01,-2.256657403290671660e-01,2.168675695819431981e-01,1.116199561070169571e-01,-8.776627451831819915e-02,1.691057676023764444e-01,-7.273266497828083377e-02,-7.191072909282500425e-02,2.176486556108153947e-01,2.471209600368697301e-01,3.009566922550844376e-02,2.040106433921965723e-01,2.201819722590945272e-01
2.790019268358317692e-02,-4.848178936987016657e-02,9.948716607568436343e-02,-4.127606540524567796e-02,4.478920232444336819e-02,2.535184181458837727e-01,1.544244606386013241e-01,-6.615788502492520040e-02,-2.126578965402942112e-01,-1.817752919817124113e-01,2.986163837810380654e-04,-6.205667352678033433e-02,1.266804447948776391e-01,2.124287871235671366e-01,-1.844775832377195945e-01,1.763417491399065506e-01,2.068110869590791823e-01,2.158974921285284343e-01,-2.204815890104329101e-01,-2.101140556373007617e-01,-2.390550190927877849e-01,-1.072938789904692852e-01,-2.484905523715828790e-01,-8.820837187689926917e-02,-5.737473501192241754e-02,2.530936223099175542e-01,-2.819821279388716809e-02,-9.701510781746905399e-02,1.817602144185461940e-02,9.227049342274125376e-02,-1.716411645729003232e-01,1.330001770131344629e-01,1.971055980157394860e-01,1.956326834982839158e-01,1.725379408632599088e-01,-6.756031649874602585e-02,-2.859306149905612923e-02,-1.877965663665134566e-01,-1.132363946926160936e-01,2.620782841303571087e-01
-9.325829460115625524e-02,2.208549053057246858e-01,1.829613872342346903e-01,1.996702736775315956e-01,-1.870764073808259542e-01,1.956780304527044323e-01,8.059944601156392163e-02,-1.344328112875970149e-01,-7.986081264752631359e-02,-1.939856566823170980e-01,-8.580594933329768054e-03,-2.334662150475510511e-01,-1.440122082676819071e-01,-1.675924367586368313e-01,8.036228262950297074e-02,2.837233261931581402e-02,1.637480694935050662e-01,-1.516804168186421664e-01,8.379819202559751767e-02,-2.224003089367829478e-01,2.443964109989268593e-02,1.769685394582995452e-01,2.316392447368646745e-01,-2.349745245744335742e-01,-1.107445386546039717e-01,-1.239895856690274162e-01,-2.500165720026406579e-01,-2.412053047952516516e-01,1.097635823934404661e-02,-2.164544052404993313e-01,-8.670648773575891088e-02,7.113998081606359714e-02,-9.102143442424319442e-02,-1.010341331242324003e-01,2.305582998351631691e-02,-7.317335209279136887e-02,1.039428144008505278e-01,1.594835767161015966e-02,4.297718931422780941e-02,-5.773655108930840496e-02
-9.252801914102282144e-02,-1.825506216420259842e-01,2.125054823383894231e-01,1.387780059505722419e-01,2.165693811685767411e-01,-1.612406833907200909e-01,2.356567802795578037e-01,2.379839939493655632e-01,-1.111353779477115694e-01,-1.341643078736306227e-01,7.062289828500324142e-03,-1.804354296196621632e-01,-9.417371271930024407e-03,-1.736664715244876367e-01,2.125507203699336378e-01,-1.299305187859916243e-02,2.101573809929286607e-01,5.617137698352652614e-02,7.878430542398676822e-03,2.592342543819365352e-01,-1.682865579517303367e-01,5.773512849169326611e-02,6.581839075874161560e-02,-1.612686925668414123e-02,-2.107600491415800026e-01,1.468911924755865982e-02,-3.440801706178398672e-02,1.677552279072719588e-01,-1.100704245889119748e-01,-3.778309174512018559e-02,-1.059574797597804263e-01,9.647335120028868727e-02,2.676601086235823601e-01,-1.486127804816760600e-01,1.372642840209142012e-01,-1.510557044662464710e-01,-2.276609283945007223e-01,-1.685477006354092200e-01,1.954056138775642493e-01,2.180487174840996800e-01
-9.187011143844904526e-02,2.365799805491141106e-01,1.706370060967315194e-01,-5.250912228667619502e-02,-6.957418288077915625e-03,6.597125275203837014e-02,-1.650222614187088488e-01,-2.388068578725660029e-01,-1.200014615482492136e-01,-2.674583252014938184e-01,6.315986644212459589e-02,9.237126333003973372e-03,-6.506814334585196702e-02,1.558600275627723131e-01,-2.015610618894276562e-01,-1.229634504547716528e-01,-7.968936091126574417e-02,-1.747323797535728362e-01,-1.974760190057183451e-01,2.085190283552562363e-01,-1.968258385764304896e-01,1.053847096831019292e-01,-2.132535937644437218e-01,-2.347129211032422946e-01,4.623543271492615292e-02,2.285187603818786828e-01,1.696783037485604662e-01,-7.531883413041379205e-02,-2.289798930236433272e-01,1.736641688784809623e-01,1.293899634284556011e-01,1.891897185422987127e-01,1.020245081670804049e-01,1.769346038153742084e-01,1.761162417995577878e-01,-3.203881778618265092e-02,2.826026643870613309e-02,2.114237704152952674e-02,7.184412323464109407e-02,1.113421003017351918e-01
2.693611265368963878e-02,1.742550504765046360e-01,-5.278568439559625652e-03,1.488397396964848129e-01,-1.031022615431876899e-01,-1.669185519940124263e-01,2.538137101484231328e-01,1.358440466670020053e-01,-1.224539878615149568e-01,2.529304183973523149e-02,2.057171343531666030e-01,-2.332293260463812468e-01,-1.858292834479665645e-01,7.276290266853818745e-02,-1.611937270768329378e-01,1.460942075657740979e-01,1.344235804342449291e-02,6.899051165353553561e-02,-1.877941364925433954e-01,-1.974846562222331570e-01,8.030730332296118212e-02,-3.603609130600568533e-02,-2.297938431543996851e-01,-4.870919462598607280e-02,1.054005085393175528e-01,-1.421772442312544960e-01,1.877891554143607256e-01,2.396332128535525463e-01,2.531545297849096543e-01,1.371332948466629231e-01,-2.447762855626630860e-02,1.251760589317670869e-01,-9.532891625849984618e-02,-7.778766783196543189e-02,3.005361495761251986e-02,4.294751932238023012e-02,1.941717672309608844e-01,-1.087363725075271015e-01,1.091786261948544806e-01,2.441075488494843237e-01
-2.418381551479850400e-01,-8.231775210491395350e-03,7.400697725215865663e-02,1.581939371326102628e-01,-1.537645091527668761e-01,1.830901088697270418e-01,-5.931693268710122591e-02,2.128036101249908552e-01,-2.415770324123272250e-01,-2.300445645394063043e-01,2.191342193553554585e-01,4.057085787522234088e-02,-1.944417349054429825e-02,-1.595464648612464620e-01,5.803449096808936669e-02,-2.298224037917910578e-01,-7.005233329212937066e-02,-1.070598861478913172e-01,6.959647266333227056e-02,9.472148438990886377e-02,1.941526985433466024e-01,2.313526788800782386e-01,6.692196969107636062e-02,5.811972230246257448e-02,-3.600300308035630364e-02,2.588683036363237377e-01,-1.953125845213829204e-01,2.107790681084826534e-01,-8.324744057940131059e-02,4.335935941261406107e-02,6.691080086318255959e-02,-1.366130966342189168e-01,-1.577401395306776699e-01,2.245849569009639168e-02,1.222082121817062994e-01,9.468044788240886911e-02,-1.980143840910919550e-01,2.249236927479706660e-01,5.889823167018247516e-04,2.464117274605304164e-01
4.252583934076138023e-02,-2.106971114830913649e-01,-1.596658581045521108e-01,1.634663266131383685e-01,1.158716326320129997e-01,2.031076567055548898e-01,-7.811210833343656956e-02,2.395572923680460570e-02,8.091157829380517252e-02,3.378637123607605708e-02,-1.103687878637738262e-01,-5.266370383142043171e-02,-1.019411199117136874e-01,1.897135480866583013e-01,2.303705684042868240e-01,-2.144973541429544550e-01,8.281799425336093534e-02,-1.024901045533491706e-01,7.813941402245938583e-02,-1.085823040944310786e-01,9.293833579361673869e-02,-5.596206456656126899e-02,-1.208571281739341668e-01,2.302062266668432333e-01,2.444478389046775280e-01,7.624512041204123403e-02,-1.425770450902217601e-01,2.331295504233567295e-01,1.430523887479818457e-01,1.479992247799208072e-01,-1.203864752998147908e-01,1.699585974172303504e-01,-1.208160365317107882e-01,8.614270683741287460e-02,8.121915358819585540e-02,1.215967612053687336e-01,-5.790538799059737063e-02,1.521587289742790117e-01,1.789000210579825001e-01,6.004934093644589271e-02
-1.982009536461368238e-01,-1.884023368381091135e-01,-2.087701041283345771e-01,-1.893193957260296545e-01,-1.833613767412091977e-01,1.429805317806665532e-01,-2.287782228254879591e-01,-1.248119317676647244e-01,2.009851735200589018e-01,2.315271692031674877e-01,2.983386451696479549e-02,2.330881067044338617e-01,-2.063768839304131464e-01,2.428794553758758523e-01,-8.654274803465919486e-02,1.637334434345548706e-01,1.317540206774034106e-01,1.726405197004509673e-01,-9.079768456232348989e-03,2.376811063534113588e-01,-1.131413159467751089e-01,2.349050680852646789e-01,4.851540476587299505e-02,2.679073345411084328e-01,-2.266675171630473662e-01,1.333183713565107287e-01,4.940718653148858802e-02,1.641401299174530867e-03,-1.116606396133137946e-01,-7.107916738408136259e-02,-1.012582978834030006e-01,-1.453458575808466435e-01,1.673427842172055535e-01,1.956698762111868869e-02,-1.860056715813855344e-01,1.405335839078712956e-01,1.625447676895774504e-02,1.415980544895386883e-01,-8.899284627052741689e-04,-3.821618437197180779e-02
2.600920029802463729e-01,-2.409335035775610201e-01,2.196062673069822391e-01,1.907104657341598952e-01,-4.678818394477324283e-02,-1.482676813350574108e-01,6.838573003095071989e-02,-1.586777635167725964e-01,1.670041637526810396e-01,-1.350280887398667973e-01,-8.044454749982446473e-02,2.072879926991533506e-01,1.788902577938549787e-01,2.952276331215285612e-02,2.038315611896369672e-01,-6.677854850760585326e-02,2.275917201883205787e-01,-4.499537191819232701e-02,-9.530296202207973189e-02,-2.245041560209828368e-01,2.352245604480676378e-01,-7.558394269326518082e-03,1.131674137844242839e-01,8.881887813805365572e-02,1.094112446431328572e-01,-2.165448841208553188e-01,2.328399714017022892e-01,2.252474125619019218e-01,3.720068087785445565e-02,2.577804758783902583e-01,-8.538633702812385706e-02,5.228559615470313587e-02,-4.277766750041175209e-02,8.515268500957896836e-02,-7.552840454334193432e-02,1.633959302929965662e-01,-2.233428186042989150e-01,-2.186940604457530135e-01,-2.033277255503615766e-01,-1.704638804449346290e-01
-6.610041245812321720e-02,2.372807102469834117e-01,-2.036925205869331013e-01,9.279931628895829454e-02,2.380127970668001816e-02,-7.648240004051733154e-02,-1.576957214075496161e-01,-1.381104803951808957e-01,-2.251008896954157235e-01,1.230012048400858926e-01,5.299193297003118586e-02,-1.580199675404700757e-02,8.533360916215565473e-02,-1.901420378412291556e-01,2.438248306157641543e-01,1.889178088699645652e-01,5.553785809225538633e-02,-6.840357976556882269e-02,-3.631787268345540443e-02,-3.613019814475967872e-02,2.079512177892934299e-01,1.983206582565906761e-01,1.516321728018085431e-03,8.364668779950975783e-03,1.758803635049695224e-01,2.169079707901871157e-01,8.798817646299471329e-02,1.322631743430894291e-01,-7.763258839678355283e-02,1.990042955346836562e-01,1.450684930870686784e-01,2.656969956033687283e-02,1.851210506105155640e-01,1.638130626621437935e-01,1.306249811712796027e-01,-1.912769476817004211e-01,1.755115064642706613e-02,1.900484672924712126e-01,1.115319824309294744e-01,-4.728929319731474401e-02
2.240262764318374233e-01,-1.273892420520339464e-01,-8.713116020910609272e-02,2.522452007928882023e-01,1.689498864371604125e-01,2.060744419474454803e-01,-2.694562546456235053e-01,-5.877384594924878886e-02,-1.328670791850672384e-01,-8.201970298357116884e-02,9.492550981338922222e-02,1.392998380446390794e-01,-2.880004174468700148e-03,-5.831422506948742701e-02,6.138528369851264932e-02,2.684603994653102579e-02,6.764970371820585096e-03,6.556632483988719673e-02,-6.472190741812527959e-02,1.196365335295034443e-01,-1.450036808094323504e-01,9.100225273716372465e-02,2.610992925671540843e-01,-2.752855597616079564e-01,9.790549906112126777e-02,-2.221400598134713744e-01,3.879750742894122473e-02,6.797638843346237580e-02,-1.547409158779680383e-01,1.956655621952343438e-01,3.776513615487613745e-02,-1.387837388977796182e-01,1.208387107361100360e-01,-2.213046111648580561e-01,8.423887730418534378e-03,-2.085649203614999836e-01,4.084629728987169278e-02,-1.453760793300865606e-01,5.085557434155898310e-02,8.704671272359845724e-02
-7.742551277673911068e-03,8.108615761784643272e-02,1.631379940133000639e-01,1.768939664094469066e-01,7.133806691280870915e-02,-2.587199007565395281e-02,-6.212333232385307963e-02,1.879372722720479283e-01,1.066308883803590707e-01,-1.418659045494583271e-01,1.246502738520027451e-02,2.321739434130070112e-01,-1.514780959167187080e-01,1.896647852582544480e-01,1.832785932702341303e-01,9.133880945009038507e-03,-2.093869791350374820e-01,-1.579634142162882060e-01,1.947823380425657280e-01,-2.546384948197616405e-01,-8.220121243635740427e-02,7.204009154988021135e-02,-1.356703027909919590e-01,2.298974061559965476e-01,-1.948950892839101112e-01,1.141244357751537404e-03,7.722119179218484009e-02,-1.400855132181475227e-01,-3.576596672477096173e-02,-2.283852621198364033e-02,1.095201304187834040e-01,6.915049685057927942e-02,-3.321378762719267436e-02,6.844208235854219724e-02,-5.429380920471568901e-03,1.555347445302429285e-02,8.098328623241030089e-02,-1.825516948650525162e-01,1.202700806458863458e-01,3.238803780240737118e-02
2.290228871147763912e-01,-1.483542843341554562e-01,-1.125474147226842095e-02,2.226133978095070076e-01,6.191424186936640012e-02,1.162711490770616529e-01,-5.798485708477888606e-02,7.080167254859726089e-02,2.311341926837353344e-01,-1.352894519778614635e-01,1.300925004712290556e-01,2.622047773794149439e-01,-2.211981593572655835e-01,-1.357990255512417366e-01,-1.794934208516799634e-01,1.476176900844027307e-01,-1.870166028669571212e-01,2.798024340898466744e-01,-7.617178354269936447e-02,1.906579485898055037e-01,-1.770081069996684853e-01,-1.995872627397280233e-02,1.975860464419742224e-01,3.089003686505541885e-02,-3.659386563011104987e-02,-1.242023801062549539e-02,5.443139054561303009e-02,-4.980536257416424972e-02,-1.752950272711346347e-01,-2.175768941724509076e-01,-1.512034257355865385e-01,-2.309846805500752054e-01,1.465983335837949333e-02,1.617087241342977377e-01,-4.668128917463015837e-02,-2.143265627681294194e-01,-3.898289156141192258e-02,3.474020695294252614e-02,-1.611265104428106013e-02,1.412448573894826420e-01
2.099175534583317959e-01,1.760133852820687794e-01,1.180441858258362287e-01,3.124378684284059241e-03,1.038727711153050043e-01,-2.517182191719989359e-01,2.364622162889774004e-01,-1.860030414008006228e-01,2.099410172227240134e-01,1.773038179198638542e-01,1.264159539798126730e-01,-1.004319747383308481e-01,-1.166121514781297969e-01,-2.550995795746497166e-02,1.986356629416093089e-01,-1.601159011149956221e-02,1.955424819826653005e-01,-5.555217872726495726e-02,4.420157654058258501e-02,2.300598702915041538e-01,5.798669839385429264e-02,-2.241041706091674579e-01,-1.125506825591980978e-04,-1.035279603519611430e-01,-3.064527970019282396e-04,-1.298668433974594916e-01,-1.787115632694190603e-01,7.303282771475769208e-02,7.732209080780193255e-02,1.713193131766605481e-01,-1.608316891254722159e-01,1.542770424816517494e-01,1.535622103168038932e-01,5.777111526574464639e-02,-1.238419032673184761e-01,-1.142729555615263487e-01,-4.255261777458998335e-02,3.621273752656120528e-03,3.387951425121122164e-04,-3.512863222448711631e-02
1.577903665843657655e-01,1.830186642518883966e-01,1.792555340766762428e-01,2.136783587576609189e-01,4.619869547656823422e-02,2.327633372050214589e-01,4.282094844909770798e-02,3.985647468867101195e-02,-9.361871908297063338e-02,1.116524709240561963e-01,-2.020100743339137417e-01,-1.704914591282234992e-01,-1.619252750974609634e-01,9.137810865746139044e-02,-1.492763690445075286e-01,-7.204354653025975275e-02,-2.059356918075991583e-01,-1.182712288898452313e-01,2.233080923089043324e-01,-1.316094418563687300e-02,-1.961926074218078575e-01,2.244970403947071924e-02,2.471000474736156638e-01,1.707463569478101795e-01,-7.254865088060979961e-02,-1.301330926452670123e-01,1.515243200796914935e-01,-1.442661893717939181e-01,-1.427385325043858955e-01,-2.330555009559690249e-01,1.590559005457449770e-01,-2.889829878289325651e-02,1.705860185223202416e-02,1.042940865581877818e-01,1.245593029597577422e-01,-1.244423858585023621e-02,-1.691048222200727813e-01,1.517896941303634173e-01,-2.127660874017170689e-01,2.129963609846319550e-01
